Id,Label,d3,d2,d1,d0,Eccentricity,closnesscentrality,harmonicclosnesscentrality,betweenesscentrality,modularity_class,Filter,X,Y,Size,Color
06HL4z0CvFAxyc27GXpf02,06HL4z0CvFAxyc27GXpf02,pop,100,110764501,Taylor Swift,32,0.056614,0.122464,0,0,,934.679688,-166.658951,10,"#00c4ff"
0C8ZW7ezQVs4URX5aX7Kqx,0C8ZW7ezQVs4URX5aX7Kqx,"pop, post-teen pop",79,49330906,Selena Gomez,0,0,0,0,0,,769.807007,-15.697618,10,"#00c4ff"
1McMsnEElThX1knmY4oliG,1McMsnEElThX1knmY4oliG,pop,86,36034194,Olivia Rodrigo,0,0,0,0,0,,723.641846,-134.209549,10,"#00c4ff"
6jJ0s89eD6GaHleKKya26X,6jJ0s89eD6GaHleKKya26X,pop,81,33120281,Katy Perry,0,0,0,0,0,,829.073364,-127.388565,10,"#00c4ff"
66CXWjxzNUsdJxJ2JdwvnR,66CXWjxzNUsdJxJ2JdwvnR,pop,90,96443739,Ariana Grande,0,0,0,0,0,,861.477783,76.18718,10,"#00c4ff"
6KImCVD70vtIoJWnq6nGn3,6KImCVD70vtIoJWnq6nGn3,pop,82,32074672,Harry Styles,0,0,0,0,0,,1098.942749,-25.797651,10,"#00c4ff"
4nDoRrQiYLoBzwC5BhVJzF,4nDoRrQiYLoBzwC5BhVJzF,"dance pop, pop",78,32958795,Camila Cabello,0,0,0,0,0,,735.664429,-247.117538,10,"#00c4ff"
4AK6F7OLvEQ5QYCBNiQWHq,4AK6F7OLvEQ5QYCBNiQWHq,"boy band, pop, post-teen pop, talent show",81,34965207,One Direction,0,0,0,0,0,,1084.650269,80.013351,10,"#00c4ff"
6S2OmqARrzebs0tKUEyXyp,6S2OmqARrzebs0tKUEyXyp,"pop, post-teen pop",74,26356475,Demi Lovato,0,0,0,0,0,,936.369263,166.879639,10,"#00c4ff"
6JL8zeS1NmiOftqZTRgdTz,6JL8zeS1NmiOftqZTRgdTz,"hip pop, pop",75,14918886,Meghan Trainor,0,0,0,0,0,,1018.595581,-348.033783,10,"#00c4ff"
74KM79TiuVKeVCqs8QtB0B,74KM79TiuVKeVCqs8QtB0B,pop,84,8452800,Sabrina Carpenter,0,0,0,0,0,,1043.833862,-468.697388,10,"#00c4ff"
5YGY8feqx7naU7z4HrwZM6,5YGY8feqx7naU7z4HrwZM6,pop,81,23909020,Miley Cyrus,0,0,0,0,0,,1011.590698,-239.312439,10,"#00c4ff"
7n2wHs1TKAczGzO7Dd2rGr,7n2wHs1TKAczGzO7Dd2rGr,"canadian pop, pop, viral pop",79,42602407,Shawn Mendes,0,0,0,0,0,,1090.041992,-146.881561,10,"#00c4ff"
6M2wZ9GZgrQXHCFfjv46we,6M2wZ9GZgrQXHCFfjv46we,"dance pop, pop, uk pop",87,43403884,Dua Lipa,0,0,0,0,0,,908.334534,-336.345825,10,"#00c4ff"
1uNFoZAHBGtllmzznpCI3s,1uNFoZAHBGtllmzznpCI3s,"canadian pop, pop",86,75022387,Justin Bieber,0,0,0,0,0,,760.021667,110.618393,10,"#00c4ff"
00FQb4jTyendYWaN8pK0wa,00FQb4jTyendYWaN8pK0wa,"art pop, pop",88,35215662,Lana Del Rey,0,0,0,0,0,,792.007996,-356.860199,10,"#00c4ff"
26VFTg2z8YR0cCuwLzESi2,26VFTg2z8YR0cCuwLzESi2,"electropop, etherpop, indie poptimism, pop",78,21450056,Halsey,0,0,0,0,0,,1127.306641,-275.140045,10,"#00c4ff"
6qqNVTkY8uBg9cP3Jd7DAH,6qqNVTkY8uBg9cP3Jd7DAH,"art pop, pop",90,94303576,Billie Eilish,0,0,0,0,0,,849.897766,-246.281525,10,"#00c4ff"
6VuMaDnrHyPL1p4EHjYLi7,6VuMaDnrHyPL1p4EHjYLi7,"pop, viral pop",78,22644063,Charlie Puth,0,0,0,0,0,,892.373413,-32.304497,10,"#00c4ff"
5ZsFI1h6hIdQRw2ti0hz81,5ZsFI1h6hIdQRw2ti0hz81,"pop, uk pop",74,22897195,ZAYN,0,0,0,0,0,,982.154297,57.755718,10,"#00c4ff"
4Uc8Dsxct0oMqx0P6i60ea,4Uc8Dsxct0oMqx0P6i60ea,"bedroom pop, pop, pov: indie",76,9619521,Conan Gray,31,0.058597,0.125881,603.5,0,,1024.350708,-593.961243,14.663783,"#00c4ff"
0ZUvK7zGdXLd78mQr3t1Tw,0ZUvK7zGdXLd78mQr3t1Tw,"la indie, pop, pov: indie",66,1832719,Ricky Montgomery,0,0,0,0,0,,1073.833374,-897.710022,10,"#00c4ff"
2hR4h1Cao2ueuI7Cx9c7V8,2hR4h1Cao2ueuI7Cx9c7V8,"bedroom pop, indie pop, pov: indie",67,4087996,Cavetown,0,0,0,0,0,,836.252136,-474.703186,10,"#00c4ff"
3uwAm6vQy7kWPS2bciKWx9,3uwAm6vQy7kWPS2bciKWx9,"bedroom pop, indie pop, norwegian indie, pov: indie",72,7183366,girl in red,0,0,0,0,0,,1174.996582,-961.896667,10,"#00c4ff"
0HthCchcL0kVLHTr113Vk1,0HthCchcL0kVLHTr113Vk1,"alt z, bedroom pop, indie pop, pov: indie",61,1919477,mxmtoon,0,0,0,0,0,,957.481567,-975.735901,10,"#00c4ff"
4tuJ0bMpJh08umKkEXKUI5,4tuJ0bMpJh08umKkEXKUI5,alt z,73,1790904,Gracie Abrams,0,0,0,0,0,,731.320984,-454.505554,10,"#00c4ff"
3l0CmX0FuQjFxr8SK7Vqag,3l0CmX0FuQjFxr8SK7Vqag,"bedroom pop, indie pop, pov: indie",74,4756002,Clairo,0,0,0,0,0,,1073.507202,-1007.127808,10,"#00c4ff"
0NIPkIjTV8mB795yEIiPYL,0NIPkIjTV8mB795yEIiPYL,pov: indie,70,2710620,Wallows,0,0,0,0,0,,1180.316895,-746.058167,10,"#00c4ff"
37M5pPGs6V1fchFJSgCguX,37M5pPGs6V1fchFJSgCguX,"alt z, la indie, pop, pov: indie",63,1949295,FINNEAS,0,0,0,0,0,,1139.12854,-535.58783,10,"#00c4ff"
35l9BRT7MXmM8bv2WDQiyB,35l9BRT7MXmM8bv2WDQiyB,"bedroom pop, bubblegrunge, indie pop, pov: indie",74,3501664,beabadoobee,0,0,0,0,0,,939.237732,-453.102997,10,"#00c4ff"
2vnB6tuQMaQpORiRdvXF9H,2vnB6tuQMaQpORiRdvXF9H,"bubblegrunge, chicago indie, indie pop, pov: indie",66,1423177,Beach Bunny,0,0,0,0,0,,885.245361,-674.588867,10,"#00c4ff"
2uYWxilOVlUdk4oV9DvwqK,2uYWxilOVlUdk4oV9DvwqK,"brooklyn indie, pov: indie",81,7828508,Mitski,0,0,0,0,0,,1075.719604,-795.324829,10,"#00c4ff"
77SW9BnxLY8rJ0RciFqkHh,77SW9BnxLY8rJ0RciFqkHh,"modern alternative rock, modern rock, pop",81,16315397,The Neighbourhood,0,0,0,0,0,,955.32428,-875.135437,10,"#00c4ff"
5IH6FPUwQTxPSXurCrcIov,5IH6FPUwQTxPSXurCrcIov,"alt z, pop, pov: indie",73,5044666,Alec Benjamin,0,0,0,0,0,,1130.360596,-389.671295,10,"#00c4ff"
7cYEt1pqMgXJdq00hAwVpT,7cYEt1pqMgXJdq00hAwVpT,alternative r&b,76,7231335,Chase Atlantic,0,0,0,0,0,,1015.004883,-706.470093,10,"#00c4ff"
6P5NO5hzJbuOqSdyPB7SJM,6P5NO5hzJbuOqSdyPB7SJM,alt z,65,1568188,Ashe,0,0,0,0,0,,999.510986,-74.443748,10,"#00c4ff"
0e86yPdC41PGRkLp2Q1Bph,0e86yPdC41PGRkLp2Q1Bph,"canadian indie rock, pov: indie, vancouver indie",69,3987690,Mother Mother,0,0,0,0,0,,803.227173,-585.209229,10,"#00c4ff"
63yrD80RY3RNEM2YDpUpO8,63yrD80RY3RNEM2YDpUpO8,"alt z, electropop, pop",79,20192056,Melanie Martinez,0,0,0,0,0,,922.363281,-571.374268,10,"#00c4ff"
1r1uxoy19fzMxunt3ONAkG,1r1uxoy19fzMxunt3ONAkG,"indie pop, la indie, pov: indie",74,2368883,Phoebe Bridgers,0,0,0,0,0,,929.638123,-777.037842,10,"#00c4ff"
3WGpXCj9YhhfX11TToZcXP,3WGpXCj9YhhfX11TToZcXP,"australian pop, pop, viral pop",74,8134814,Troye Sivan,30,0.061997,0.141048,1140,0,,1240.305908,-362.742584,18.809797,"#00c4ff"
5JZ7CnR6gTvEMKX4g70Amv,5JZ7CnR6gTvEMKX4g70Amv,pop,72,6172275,Lauv,0,0,0,0,0,,1225.963013,-465.769928,10,"#00c4ff"
25uiPmTg16RbhZWAqwLBy5,25uiPmTg16RbhZWAqwLBy5,"art pop, candy pop, metropopolis, pop, uk pop",74,3150943,Charli XCX,0,0,0,0,0,,1308.699829,-539.516907,10,"#00c4ff"
3LjhVl7GzYsza1biQjTpaN,3LjhVl7GzYsza1biQjTpaN,"alt z, indie poptimism, pop",55,1656400,Hayley Kiyoko,0,0,0,0,0,,1428.671509,-505.432739,10,"#00c4ff"
5xkAtLTf309LAGZTbvULBn,5xkAtLTf309LAGZTbvULBn,"alt z, australian alternative pop, singer-songwriter pop",60,1914648,Ruel,0,0,0,0,0,,1461.060913,-387.076721,10,"#00c4ff"
5Rl15oVamLq7FbSb0NNBNy,5Rl15oVamLq7FbSb0NNBNy,"boy band, pop",73,9900763,5 Seconds of Summer,0,0,0,0,0,,1200.176147,46.132149,10,"#00c4ff"
3gIRvgZssIb9aiirIg0nI3,3gIRvgZssIb9aiirIg0nI3,"alt z, electropop, pop",65,2253352,Jeremy Zucker,0,0,0,0,0,,1345.602051,-418.264038,10,"#00c4ff"
7gAppWoH7pcYmphCVTXkzs,7gAppWoH7pcYmphCVTXkzs,"boy band, pop",62,5801501,The Vamps,0,0,0,0,0,,1311.085327,12.042546,10,"#00c4ff"
163tK9Wjr9P9DmM0AVK7lm,163tK9Wjr9P9DmM0AVK7lm,"art pop, metropopolis, nz pop, pop",72,9950457,Lorde,0,0,0,0,0,,1127.065918,-649.559143,10,"#00c4ff"
3mIj9lX2MWuHmhNCA7LSCW,3mIj9lX2MWuHmhNCA7LSCW,"modern alternative rock, modern rock, pop, pov: indie, rock",73,7164817,The 1975,0,0,0,0,0,,1318.109985,-699.528748,10,"#00c4ff"
4GvEc3ANtPPjt1ZJllr5Zl,4GvEc3ANtPPjt1ZJllr5Zl,pop,67,5444600,Bazzi,0,0,0,0,0,,1371.116699,-309.099548,10,"#00c4ff"
4NHQUGzhtTLFvgF5SZesLK,4NHQUGzhtTLFvgF5SZesLK,"dance pop, metropopolis, pop, swedish electropop, swedish pop, swedish synthpop",69,3557176,Tove Lo,0,0,0,0,0,,1386.928589,-618.394653,10,"#00c4ff"
2jnIB6XdLvnJUeNTy5A0J2,2jnIB6XdLvnJUeNTy5A0J2,"boy band, pop",63,3683551,Why Don't We,29,0.062897,0.134071,1660,0,,1308.300537,-101.839745,22.8283,"#00c4ff"
5vBSrE1xujD2FXYRarbAXc,5vBSrE1xujD2FXYRarbAXc,"dance pop, gauze pop, pop, pop dance, uk pop",66,1965268,Olly Alexander (Years & Years),0,0,0,0,0,,1203.18103,-854.27594,10,"#00c4ff"
2wUjUUtkb5lvLKcGKsKqsR,2wUjUUtkb5lvLKcGKsKqsR,"canadian contemporary r&b, canadian pop, pop",69,11760899,Alessia Cara,0,0,0,0,0,,1205.083984,-70.346649,10,"#00c4ff"
4xnihxcoXWK3UqryOSnbw5,4xnihxcoXWK3UqryOSnbw5,alt z,65,1469806,Sasha Alex Sloan,0,0,0,0,0,,1234.974609,-622.779053,10,"#00c4ff"
49tQo2QULno7gxHutgccqF,49tQo2QULno7gxHutgccqF,la pop,70,5763367,LANY,0,0,0,0,0,,1291.423706,-798.27533,10,"#00c4ff"
5p7f24Rk5HkUZsaS3BLG5F,5p7f24Rk5HkUZsaS3BLG5F,pop,65,8786542,Hailee Steinfeld,30,0.059355,0.12031,101.5,0,,1222.047119,323.968628,10.784381,"#00c4ff"
6Dd3NScHWwnW6obMFbl1BH,6Dd3NScHWwnW6obMFbl1BH,"alt z, pop",70,1605083,Daya,0,0,0,0,0,,1404.535034,567.690063,10,"#00c4ff"
0ZED1XzwlLHW4ZaG4lOT6m,0ZED1XzwlLHW4ZaG4lOT6m,pop,70,5038401,Julia Michaels,0,0,0,0,0,,1486.700439,228.136795,10,"#00c4ff"
1Xylc3o4UrD53lo9CvFvVg,1Xylc3o4UrD53lo9CvFvVg,"pop, scandipop, swedish electropop, swedish pop",74,10415413,Zara Larsson,0,0,0,0,0,,1444.707764,447.909332,10,"#00c4ff"
64M6ah0SkkRsnPGtGiRAbb,64M6ah0SkkRsnPGtGiRAbb,"dance pop, pop",77,9077761,Bebe Rexha,0,0,0,0,0,,1470.870117,340.831238,10,"#00c4ff"
5CCwRZC6euC8Odo6y9X8jr,5CCwRZC6euC8Odo6y9X8jr,"dance pop, pop, uk pop",69,8270127,Rita Ora,0,0,0,0,0,,1336.370483,467.291382,10,"#00c4ff"
1l8Fu6IkuTP0U5QetQJ5Xt,1l8Fu6IkuTP0U5QetQJ5Xt,"girl group, pop, talent show",65,16076780,Fifth Harmony,0,0,0,0,0,,1278.3479,558.3797,10,"#00c4ff"
28y6CyJNkGNjJQKrlx4AmN,28y6CyJNkGNjJQKrlx4AmN,pop,55,1686144,HRVY,0,0,0,0,0,,1401.588013,142.571106,10,"#00c4ff"
6T5tfhQCknKG4UnH90qGnz,6T5tfhQCknKG4UnH90qGnz,"dance pop, pop",65,4522464,DNCE,0,0,0,0,0,,1223.9021,426.494171,10,"#00c4ff"
188VINPQh5dyNfLUkevKqf,188VINPQh5dyNfLUkevKqf,post-teen pop,42,1112819,Olivia Holt,0,0,0,0,1,,970.71582,719.275757,10,"#4c463e"
4Rxn7Im3LGfyRkY2FlHhWi,4Rxn7Im3LGfyRkY2FlHhWi,"dance pop, pop",60,9853920,Nick Jonas,0,0,0,0,0,,1342.038818,356.708649,10,"#00c4ff"
3e7awlrlDSwF3iM0WBjGMp,3e7awlrlDSwF3iM0WBjGMp,"girl group, pop, talent show, uk pop",70,11858006,Little Mix,0,0,0,0,0,,1116.125732,288.611511,10,"#00c4ff"
0uGk2czvcpWQA383Im6ajf,0uGk2czvcpWQA383Im6ajf,"alt z, dark pop, pop",59,2014531,Maggie Lindemann,0,0,0,0,0,,1147.54895,625.831177,10,"#00c4ff"
1zNqDE7qDGCsyzJwohVaoX,1zNqDE7qDGCsyzJwohVaoX,pop,75,11838088,Anne-Marie,0,0,0,0,0,,1243.52002,674.13562,10,"#00c4ff"
4m4SfDVbF5wxrwEjDKgi4k,4m4SfDVbF5wxrwEjDKgi4k,"dance pop, pop, post-teen pop, talent show",56,2590031,Cher Lloyd,0,0,0,0,0,,1169.146606,520.520203,10,"#00c4ff"
1o2NpYGqHiCq7FoiYdyd1x,1o2NpYGqHiCq7FoiYdyd1x,"alt z, pop, talent show",62,3108812,Bea Miller,0,0,0,0,0,,1353.416016,669.491272,10,"#00c4ff"
6sCbFbEjbYepqswM1vWjjs,6sCbFbEjbYepqswM1vWjjs,"pop, post-teen pop",66,4647182,Zendaya,0,0,0,0,1,,864.216064,714.302368,10,"#4c463e"
5pUo3fmmHT8bhCyHE52hA6,5pUo3fmmHT8bhCyHE52hA6,pop,60,10030042,Liam Payne,29,0.062897,0.134071,575.5,0,,1258.917603,233.796234,14.447402,"#00c4ff"
57WHJIHrjOE3iAxpihhMnp,57WHJIHrjOE3iAxpihhMnp,pop,63,7051575,Louis Tomlinson,0,0,0,0,0,,1100.010376,397.494781,10,"#00c4ff"
1Hsdzj7Dlq2I7tHP7501T4,1Hsdzj7Dlq2I7tHP7501T4,pop,72,9850759,Niall Horan,28,0.066738,0.146373,3156,0,,1179.301636,163.843079,34.389229,"#00c4ff"
7gbmX8SsfjEjxDMzBi1ZOL,7gbmX8SsfjEjxDMzBi1ZOL,"pop, post-teen pop",53,1688704,Joe Jonas,0,0,0,0,0,,1376.963867,255.436829,10,"#00c4ff"
7gOdHgIoIKoe4i9Tta6qdD,7gOdHgIoIKoe4i9Tta6qdD,"boy band, pop",72,7550331,Jonas Brothers,0,0,0,0,0,,1298.901978,126.15876,10,"#00c4ff"
5Y8eJDj37KhaEeqbVO7Ag1,5Y8eJDj37KhaEeqbVO7Ag1,"boy band, post-teen pop, teen pop",52,1270173,PRETTYMUCH,0,0,0,0,0,,1421.644531,-89.037666,10,"#00c4ff"
6dn6x1XOng3LOAnfTjUn77,6dn6x1XOng3LOAnfTjUn77,"alt z, singer-songwriter pop, teen pop",52,904582,AJ Mitchell,0,0,0,0,0,,1523.413452,-31.868515,10,"#00c4ff"
21z8to3YxZXgKYJpBB54P2,21z8to3YxZXgKYJpBB54P2,"social media pop, teen pop",44,124722,Daniel Seavey,0,0,0,0,0,,1517.047729,103.888443,10,"#00c4ff"
2WuKU0SYZOQyY3MmE4vtez,2WuKU0SYZOQyY3MmE4vtez,boy band,46,1010868,New Hope Club,0,0,0,0,0,,1062.87854,183.245422,10,"#00c4ff"
1INuLZXjjVbcJRyWvD1iSq,1INuLZXjjVbcJRyWvD1iSq,"pop, teen pop",55,1408386,Jack & Jack,0,0,0,0,0,,1272.901367,-254.105026,10,"#00c4ff"
09fEeGYqb3MUeV1c9BJgDI,09fEeGYqb3MUeV1c9BJgDI,teen pop,26,280975,In Real Life,0,0,0,0,0,,1426.82312,27.906279,10,"#00c4ff"
6sa5JC8xdrw2ZpGQ50nVCW,6sa5JC8xdrw2ZpGQ50nVCW,"social media pop, teen pop",9,124241,Zach Herron,0,0,0,0,0,,1200.446777,-184.852005,10,"#00c4ff"
4h3Go7Vr34F8zzGvEFj9P8,4h3Go7Vr34F8zzGvEFj9P8,"social media pop, teen pop",16,97119,Jonah Marais,0,0,0,0,0,,1487.770386,-273.701691,10,"#00c4ff"
6aX6KqXgEcARRHwvWxHcFW,6aX6KqXgEcARRHwvWxHcFW,"canadian pop, singer-songwriter pop, social media pop, teen pop",53,837795,Johnny Orlando,0,0,0,0,0,,1381.751099,-197.540512,10,"#00c4ff"
0mZsmXegjYM7hNw0QGE5b7,0mZsmXegjYM7hNw0QGE5b7,"social media pop, teen pop",19,57643,EBEN,0,0,0,0,0,,1508.207886,-162.587128,10,"#00c4ff"
4UFShyUQuA8dguoZrqX0jQ,4UFShyUQuA8dguoZrqX0jQ,,57,504093,Luke Hemmings,0,0,0,0,0,,995.378052,271.737488,10,"#00c4ff"
3zOKGDS77tYdGFQ6UJMC4E,3zOKGDS77tYdGFQ6UJMC4E,,31,245655,Ashton Irwin,27,0.070775,0.152857,3619.5,0,true,980.718933,375.251099,37.971107,"#00c4ff"
45Dc572GdbJ6Guc8X3UW24,45Dc572GdbJ6Guc8X3UW24,,37,43574,Mali-Koa,0,0,0,0,0,,742.907288,434.314972,10,"#00c4ff"
3VLHrBNxlaQ3Z8srU4r66k,3VLHrBNxlaQ3Z8srU4r66k,,27,24158,Isaac Anderson,0,0,0,0,0,,952.89917,493.157135,10,"#00c4ff"
778bhPsYwr6sAELsBBX8MC,778bhPsYwr6sAELsBBX8MC,,24,25986,Almondmilkhunni,0,0,0,0,0,,764.921265,325.723999,10,"#00c4ff"
3Z40kLBFU7C8532e2YLE9t,3Z40kLBFU7C8532e2YLE9t,english indie rock,43,86915,Only The Poets,0,0,0,0,0,,881.282776,295.401306,10,"#00c4ff"
0Iu1P1dc2F3TsmPtBuCbmS,0Iu1P1dc2F3TsmPtBuCbmS,,20,16078,Dante Peluso,0,0,0,0,0,,710.203735,542.908997,10,"#00c4ff"
5bmqhxWk9SEFDGIzWpSjVJ,5bmqhxWk9SEFDGIzWpSjVJ,modern alternative rock,56,699530,THE DRIVER ERA,0,0,0,0,0,,1023.993164,616.436401,10,"#00c4ff"
5AH3J6o4zTwo2tADpRiQRZ,5AH3J6o4zTwo2tADpRiQRZ,,28,37546,Mitch Rowland,0,0,0,0,0,,863.538086,409.956818,10,"#00c4ff"
4ANMwDtqwfkzPgFoUoLZ3Y,4ANMwDtqwfkzPgFoUoLZ3Y,,44,111125,Sun Room,0,0,0,0,0,,814.706482,209.745834,10,"#00c4ff"
5aptPwTkTKmlPx6csmNJLA,5aptPwTkTKmlPx6csmNJLA,"post-teen pop, teen pop",47,644269,R5,0,0,0,0,0,,907.575195,605.057251,10,"#00c4ff"
4JNfz6aO9ZFz0gp5GY88am,4JNfz6aO9ZFz0gp5GY88am,"alt z, pixie",48,1073145,Hey Violet,0,0,0,0,0,,831.899109,520.104248,10,"#00c4ff"
3QaxveoTiMetZCMp1sftiu,3QaxveoTiMetZCMp1sftiu,"neon pop punk, pixie, pop punk, pov: indie, texas pop punk",57,520264,Waterparks,0,0,0,0,0,,1058.744263,506.504974,10,"#00c4ff"
4UxLFBvSr4xMDpHe1lrLrH,4UxLFBvSr4xMDpHe1lrLrH,post-teen pop,56,1021233,Ross Lynch,26,0.069158,0.137968,4131.833333,1,,820.108582,827.963867,41.930367,"#4c463e"
1eBGyqw9kLsidL0q2dimWF,1eBGyqw9kLsidL0q2dimWF,"movie tunes, post-teen pop",49,513143,Austin Moon,0,0,0,0,1,,848.917603,950.756958,10,"#4c463e"
542yUd4rGzUEOLd1diV94f,542yUd4rGzUEOLd1diV94f,,46,17745,Rocky,0,0,0,0,1,,775.278809,631.122253,10,"#4c463e"
2ftL3sXW7KDOBfVda7IXyA,2ftL3sXW7KDOBfVda7IXyA,post-teen pop,29,524811,Debby Ryan,0,0,0,0,1,,817.121399,1117.007324,10,"#4c463e"
6SvFyXN6qzhw95Bj4HoevV,6SvFyXN6qzhw95Bj4HoevV,movie tunes,56,679593,China Anne McClain,0,0,0,0,1,,902.867371,1046.934692,10,"#4c463e"
6oW9KRAZbC1xOlmg2RRyFL,6oW9KRAZbC1xOlmg2RRyFL,"movie tunes, post-teen pop",29,311660,McClain Sisters,0,0,0,0,1,,713.731323,1099.875,10,"#4c463e"
60wslYioiBcxSTInM4nIy2,60wslYioiBcxSTInM4nIy2,"movie tunes, post-teen pop",55,435680,Jordan Fisher,0,0,0,0,1,,1086.952637,729.454041,10,"#4c463e"
58AqJv0sDFPFnnBcLT8eeX,58AqJv0sDFPFnnBcLT8eeX,post-teen pop,39,1105539,Bella Thorne,25,0.073736,0.147237,2956.666667,1,,639.154236,940.719666,32.848801,"#4c463e"
1xVYxkSq6IWhFpSW1OMe41,1xVYxkSq6IWhFpSW1OMe41,post-teen pop,38,517339,The Girl and The Dreamcatcher,0,0,0,0,1,,921.507385,846.432312,10,"#4c463e"
4VhL8KLjVso4vLfOLVViTb,4VhL8KLjVso4vLfOLVViTb,"pop, post-teen pop",58,1324144,Bridgit Mendler,0,0,0,0,1,,1030.368408,827.093872,10,"#4c463e"
2OTfr6S2kuHRYStjt1IkY6,2OTfr6S2kuHRYStjt1IkY6,post-teen pop,56,940707,Victoria Justice,0,0,0,0,1,,759.36554,1005.53656,10,"#4c463e"
1KYszkVzlhV3rAqmAcYIgd,1KYszkVzlhV3rAqmAcYIgd,post-teen pop,55,2012186,Victorious Cast,25,0.073768,0.147565,2428.833333,1,,628.367798,1022.918396,28.76976,"#4c463e"
7bp2lSdh12wcA8LyB1srfJ,7bp2lSdh12wcA8LyB1srfJ,pop,63,3584186,Sofia Carson,0,0,0,0,1,,649.258057,800.118896,10,"#4c463e"
2W8yFh0Ga6Yf3jiayVxwkE,2W8yFh0Ga6Yf3jiayVxwkE,pop,67,4938480,Dove Cameron,0,0,0,0,1,,743.123291,737.104004,10,"#4c463e"
4gWAItIMhYCdD82T8tvv3T,4gWAItIMhYCdD82T8tvv3T,post-teen pop,38,609518,Lucy Hale,0,0,0,0,1,,729.206665,889.129639,10,"#4c463e"
5GuEFqVXxQsqJtjGqoFWvf,5GuEFqVXxQsqJtjGqoFWvf,"movie tunes, post-teen pop",45,521034,Corbin Bleu,0,0,0,0,1,,511.477905,1003.415405,10,"#4c463e"
2Zi3RrdQqk63Xj0914STkS,2Zi3RrdQqk63Xj0914STkS,"movie tunes, post-teen pop, vapor pop",57,343616,Naomi Scott,26,0.069111,0.136331,107,1,,974.899841,948.235962,10.826884,"#4c463e"
0C8kbAJOGo7CHx8jDTyTfR,0C8kbAJOGo7CHx8jDTyTfR,"movie tunes, show tunes",46,21296,Mena Massoud,0,0,0,0,1,,1173.264893,790.098389,10,"#4c463e"
3dctbbXhrRgigX1icexnws,3dctbbXhrRgigX1icexnws,,48,47258,Adam Hicks,0,0,0,0,1,,1290.862427,786.037537,10,"#4c463e"
4N3cNXg5phUzRzuJYYxQlV,4N3cNXg5phUzRzuJYYxQlV,movie tunes,46,86848,Emma Watson,0,0,0,0,1,,1019.749023,1120.229248,10,"#4c463e"
1eK59pkylGGka9wRUEKVXt,1eK59pkylGGka9wRUEKVXt,,27,9651,Chris Brochu,0,0,0,0,1,,1062.001221,1031.849121,10,"#4c463e"
0uqrdF1UCmMshSk6veOa5K,0uqrdF1UCmMshSk6veOa5K,movie tunes,48,197944,Sarah Jeffery,0,0,0,0,1,,928.091309,1172.357056,10,"#4c463e"
6U1dBXJhC8gXFjamvFTmHg,6U1dBXJhC8gXFjamvFTmHg,"hollywood, movie tunes, post-teen pop",65,822329,Zac Efron,0,0,0,0,1,,1098.335205,904.667236,10,"#4c463e"
1gkcZQArk5rV8uBwG8y5FX,1gkcZQArk5rV8uBwG8y5FX,movie tunes,47,28377,Amy Adams,0,0,0,0,1,,1226.862793,886.180847,10,"#4c463e"
5mnS9jJdKQQcRSqFu5YPVe,5mnS9jJdKQQcRSqFu5YPVe,movie tunes,62,151082,Auli'i Cravalho,0,0,0,0,1,,1161.847534,989.115295,10,"#4c463e"
3AoFRPmkjP1WTi2Zu7gbZV,3AoFRPmkjP1WTi2Zu7gbZV,post-teen pop,20,645980,Jennette McCurdy,0,0,0,0,1,,403.661682,1019.571533,10,"#4c463e"
3SYGWAHCe31oykdeUPpoJp,3SYGWAHCe31oykdeUPpoJp,post-teen pop,42,1232052,Miranda Cosgrove,0,0,0,0,1,,535.225403,1111.424683,10,"#4c463e"
7rPQ2z1ji1ctJ6oGYBAo6M,7rPQ2z1ji1ctJ6oGYBAo6M,post-teen pop,38,769174,Emily Osment,24,0.078634,0.153635,6044.333333,1,,482.258514,1190.901245,56.709957,"#4c463e"
3KGnRdVPGnRbL4oVSG7kFc,3KGnRdVPGnRbL4oVSG7kFc,post-teen pop,15,146837,Emma Roberts,0,0,0,0,1,,286.193115,1197.164429,10,"#4c463e"
4Xt0mNxZEZWjgJwsZKDuvQ,4Xt0mNxZEZWjgJwsZKDuvQ,,29,189734,Skylar Simone,0,0,0,0,1,,646.723083,671.554016,10,"#4c463e"
2ddxtfC0oS8LoktXUHE7YL,2ddxtfC0oS8LoktXUHE7YL,"dance pop, pop, post-teen pop",48,1328807,Ashley Tisdale,0,0,0,0,1,,285.30481,1094.350342,10,"#4c463e"
6G9bygHlCyPgNGxK2l3YdE,6G9bygHlCyPgNGxK2l3YdE,"dance pop, pop, post-teen pop",58,1950805,Vanessa Hudgens,0,0,0,0,1,,394.282135,1125.714111,10,"#4c463e"
116v5BJngSpJcXNml0OPeu,116v5BJngSpJcXNml0OPeu,,26,81077,Cast of Shake It Up: Break It Down,26,0.069026,0.133875,100.333333,1,,641.218689,1172.955078,10.775365,"#4c463e"
5PfDAo6nygQxio77ozRISQ,5PfDAo6nygQxio77ozRISQ,,34,21438,Ally Dawson,0,0,0,0,1,,754.320862,1227.065674,10,"#4c463e"
57CDYxWdpuotIR3uY5QzPy,57CDYxWdpuotIR3uY5QzPy,movie tunes,47,119722,Cast - Liv and Maddie,0,0,0,0,1,,620.452576,1386.711914,10,"#4c463e"
6BaEtrOzEuvmxmHZRR1nNa,6BaEtrOzEuvmxmHZRR1nNa,,32,136731,Cast Of Camp Rock,0,0,0,0,1,,735.153442,1333.100952,10,"#4c463e"
5ywxtrr3mhjBezbQAsGiFW,5ywxtrr3mhjBezbQAsGiFW,,38,100172,Anna Margaret,0,0,0,0,1,,382.367523,1253.720337,10,"#4c463e"
6kUQJlewgd3UFKVYrrmILh,6kUQJlewgd3UFKVYrrmILh,post-teen pop,32,315509,Raven-Symoné,0,0,0,0,1,,410.608765,1357.420044,10,"#4c463e"
4ntkql3f3ect7NDRUJ7aAY,4ntkql3f3ect7NDRUJ7aAY,"girl group, movie tunes, post-teen pop",44,833196,The Cheetah Girls,0,0,0,0,1,,512.222046,1290.55957,10,"#4c463e"
6zTbBugfNc95zo8ClFDhIn,6zTbBugfNc95zo8ClFDhIn,movie tunes,57,95609,Troy,0,0,0,0,1,,857.539368,1256.889282,10,"#4c463e"
3IcF2f5vEkY6HPQfLlQDlw,3IcF2f5vEkY6HPQfLlQDlw,post-teen pop,28,354345,Mitchel Musso,0,0,0,0,1,,514.008972,1414.799683,10,"#4c463e"
0jcl46xRBm9LKIwrKGQPE6,0jcl46xRBm9LKIwrKGQPE6,"movie tunes, nyc pop",53,204495,Meg Donnelly,0,0,0,0,1,,624.326538,1277.631714,10,"#4c463e"
33PwkSp7tLhc9FjuEaAtJ7,33PwkSp7tLhc9FjuEaAtJ7,,28,135291,iCarly & Victorious Casts,0,0,0,0,1,,543.157104,868.121216,10,"#4c463e"
2gUMs9PE8XZVQyzCDqaYmW,2gUMs9PE8XZVQyzCDqaYmW,"movie tunes, post-teen pop",59,1378519,High School Musical Cast,0,0,0,0,1,,435.702606,904.918518,10,"#4c463e"
0GWCNkPi54upO9WLlwjAHd,0GWCNkPi54upO9WLlwjAHd,"boy band, pop, post-teen pop",60,2627226,Big Time Rush,0,0,0,0,1,,549.671814,747.357422,10,"#4c463e"
7nU4hB040gTmHm45YYMvqc,7nU4hB040gTmHm45YYMvqc,"pop, post-teen pop",59,4688598,Hannah Montana,0,0,0,0,1,,442.240509,789.677979,10,"#4c463e"
1JfkqBTXs6VC3JZ7RJNu7h,1JfkqBTXs6VC3JZ7RJNu7h,post-teen pop,29,299194,Jordan Pruitt,0,0,0,0,1,,295.300201,1455.166138,10,"#4c463e"
5F9DUEYKHpGbOeSFGnAKeW,5F9DUEYKHpGbOeSFGnAKeW,"musical advocacy, post-teen pop",8,162716,Disney's Friends For Change,0,0,0,0,1,,293.023071,1339.154175,10,"#4c463e"
1ryIDQiTzFFxHmmjijqghs,1ryIDQiTzFFxHmmjijqghs,post-teen pop,40,193889,Drew Seeley,0,0,0,0,1,,401.65033,1468.419678,10,"#4c463e"
5kvxlmsGSMNf9bBtRbFLH2,5kvxlmsGSMNf9bBtRbFLH2,"candy pop, post-teen pop",22,100938,Everlife,0,0,0,0,1,,181.706375,1388.702393,10,"#4c463e"
4vRSocKbGh7PsQrYRDVMEF,4vRSocKbGh7PsQrYRDVMEF,"dance pop, post-teen pop",42,1061833,Lindsay Lohan,23,0.083966,0.161915,6370,1,,195.072937,1277.735962,59.226673,"#4c463e"
1vkJFCwstOoJO7yQ4lTtLK,1vkJFCwstOoJO7yQ4lTtLK,"dance pop, post-teen pop",53,769477,Paris Hilton,0,0,0,0,1,,289.123169,988.124756,10,"#4c463e"
4hqDqHtBlgxXpLXVYf7c8L,4hqDqHtBlgxXpLXVYf7c8L,"dance pop, post-teen pop",44,966405,Ashlee Simpson,0,0,0,0,1,,198.786682,1504.934082,10,"#4c463e"
2tFN9ubMXEhdAQvdQxcsma,2tFN9ubMXEhdAQvdQxcsma,"dance pop, post-teen pop",44,1283323,Jessica Simpson,0,0,0,0,1,,-205.932297,1429.157837,10,"#4c463e"
2S9W9aSAd7e5mp8WqWxN2h,2S9W9aSAd7e5mp8WqWxN2h,"dance pop, pop, post-teen pop",52,2331807,Hilary Duff,0,0,0,0,1,,-149.910553,1513.13855,10,"#4c463e"
2BZDbnjUHnL2XAPgkdqTpb,2BZDbnjUHnL2XAPgkdqTpb,post-teen pop,37,353372,Jennifer Love Hewitt,0,0,0,0,1,,-27.617334,1301.917725,10,"#4c463e"
2B4ZTS4hFT3IrUFVPHjEmL,2B4ZTS4hFT3IrUFVPHjEmL,,26,133797,Brooke Hogan,0,0,0,0,1,,91.884933,1500.19458,10,"#4c463e"
2LJxr7Pt3JnP60eLxwbDOu,2LJxr7Pt3JnP60eLxwbDOu,"dance pop, hollywood, neo mellow, post-teen pop",61,733048,Mandy Moore,0,0,0,0,1,,-129.899841,1337.030518,10,"#4c463e"
5wugb0kaq0J6nyQ5Xgd17i,5wugb0kaq0J6nyQ5Xgd17i,"dance pop, girl group, post-teen pop",51,675520,Aly & AJ,0,0,0,0,1,,-62.61092,1426.758301,10,"#4c463e"
5xuNBZoM7z1Vv8IQ6uM0p6,5xuNBZoM7z1Vv8IQ6uM0p6,"dance pop, pop, post-teen pop",58,2353962,JoJo,0,0,0,0,1,,-18.494934,1521.095215,10,"#4c463e"
6ewMqjrF31lC8ywRsvm073,6ewMqjrF31lC8ywRsvm073,"idol, post-teen pop",39,218660,Nick Lachey,22,0.082323,0.149717,6686,1,,-218.037521,1263.815063,61.668686,"#4c463e"
6eIPFXnKPqSQVxgsU4hELI,6eIPFXnKPqSQVxgsU4hELI,idol,36,253552,Nick Carter,0,0,0,0,1,,-661.166443,1356.584351,10,"#4c463e"
13aBWT8LN4oNWWGFOu96MA,13aBWT8LN4oNWWGFOu96MA,idol,28,66496,Clay Aiken,0,0,0,0,1,,-137.583664,891.289368,10,"#4c463e"
3p3U04w2DaiBzuYMZnYr00,3p3U04w2DaiBzuYMZnYr00,,24,54794,JC Chasez,0,0,0,0,1,,52.12606,1120.362915,10,"#4c463e"
2AEcSFddxmvXT0A7rBwyVL,2AEcSFddxmvXT0A7rBwyVL,,26,107184,Jordan Knight,0,0,0,0,1,,136.654984,1185.920166,10,"#4c463e"
3C4t1usFGoKHCSRdujm2GN,3C4t1usFGoKHCSRdujm2GN,"idol, neo mellow",40,98061,Ryan Cabrera,0,0,0,0,1,,-283.545654,1347.372437,10,"#4c463e"
6V03b3Y36lolYP2orXn8mV,6V03b3Y36lolYP2orXn8mV,boy band,51,497846,98º,0,0,0,0,1,,-148.333405,1099.422974,10,"#4c463e"
3SIW6eVIZSz9V05WsaKIr3,3SIW6eVIZSz9V05WsaKIr3,,32,87203,Joey McIntyre,0,0,0,0,1,,-137.484818,1206.45752,10,"#4c463e"
7y1GT7SdgGiFLWoktv2TSw,7y1GT7SdgGiFLWoktv2TSw,boy band,33,95413,BBMAK,0,0,0,0,1,,-485.235291,1315.933472,10,"#4c463e"
4zKhX6hYCQPNs406umP9Fx,4zKhX6hYCQPNs406umP9Fx,boy band,43,331826,O-Town,0,0,0,0,1,,-559.144958,1398.951172,10,"#4c463e"
5338fdSzGNOFD4cxAxDTeq,5338fdSzGNOFD4cxAxDTeq,post-teen pop,39,333762,Aaron Carter,0,0,0,0,1,,-455.096344,1454.352051,10,"#4c463e"
3OsUvoKmZA2gw8rETtxGlz,3OsUvoKmZA2gw8rETtxGlz,,35,106294,Vitamin C,0,0,0,0,1,,-30.321104,1191.63916,10,"#4c463e"
5RFf1gyPc9lMOtCq2k6tLl,5RFf1gyPc9lMOtCq2k6tLl,,25,57167,AJ McLean,0,0,0,0,1,,-312.206573,1486.073975,10,"#4c463e"
0kuEP1E9k3WBEwMKwEmp9u,0kuEP1E9k3WBEwMKwEmp9u,,31,78835,Willa Ford,0,0,0,0,1,,-254.800797,1082.901611,10,"#4c463e"
0icdU2PQXnZ5Fo1EGkb6BU,0icdU2PQXnZ5Fo1EGkb6BU,boy band,19,30494,Youngstown,0,0,0,0,1,,51.851665,1395.446777,10,"#4c463e"
50eWbXhi4dqiodRsW73spI,50eWbXhi4dqiodRsW73spI,,24,41890,Brian Littrell,0,0,0,0,1,,-384.304749,1386.373291,10,"#4c463e"
4am1I89OWXUzFh4ctRLkdd,4am1I89OWXUzFh4ctRLkdd,idol,39,126080,Elliott Yamin,0,0,0,0,1,,-371.297211,1260.988159,10,"#4c463e"
5oWOx0BBDSMoFB8JDrjQre,5oWOx0BBDSMoFB8JDrjQre,idol,45,207905,Katharine McPhee,21,0.089154,0.166947,6848,1,true,-35.96611,1063.387085,62.920605,"#4c463e"
2C9n4tQgNLhHPhSCmdsQnk,2C9n4tQgNLhHPhSCmdsQnk,"idol, lds youth, post-teen pop",50,553360,David Archuleta,0,0,0,0,1,,185.530014,733.315613,10,"#4c463e"
5QjWgYDeKNP2iPHTdTttnG,5QjWgYDeKNP2iPHTdTttnG,candy pop,43,301533,Stacie Orrico,0,0,0,0,1,,166.523804,1076.46814,10,"#4c463e"
4SQxI8xg6LcSWL3KuGVHLa,4SQxI8xg6LcSWL3KuGVHLa,"idol, neo mellow, talent show",38,320217,David Cook,0,0,0,0,2,,309.280945,766.656677,10,"#d3b3b0"
0AuZVHIr5WSEBbBLZwWwWc,0AuZVHIr5WSEBbBLZwWwWc,,42,186794,Charice,0,0,0,0,1,,6.220452,894.068298,10,"#4c463e"
2XMxHczWkSzDDFhiC3zt8k,2XMxHczWkSzDDFhiC3zt8k,lilith,33,71828,Marié Digby,0,0,0,0,1,,78.423569,1280.571899,10,"#4c463e"
2zwHaEmXxX6DTv4i8ajNCM,2zwHaEmXxX6DTv4i8ajNCM,"idol, neo mellow, viral pop",37,160007,Kris Allen,0,0,0,0,2,,220.447495,838.150452,10,"#d3b3b0"
6UKa8gyuwzx5arpY8kf9XK,6UKa8gyuwzx5arpY8kf9XK,idol,15,9982,Kimberley Locke,0,0,0,0,2,,74.282356,986.623718,10,"#d3b3b0"
2Q1FIPavG8WZF33kqIP3sy,2Q1FIPavG8WZF33kqIP3sy,idol,17,23350,Bo Bice,0,0,0,0,2,,-67.745369,969.274963,10,"#d3b3b0"
5rScKX1Sh1U67meeUyTGwk,5rScKX1Sh1U67meeUyTGwk,"candy pop, lilith, neo mellow, pop rock",54,649680,Michelle Branch,0,0,0,0,1,,183.452881,960.562683,10,"#4c463e"
5ILrArfIV0tMURcHJN8Q07,5ILrArfIV0tMURcHJN8Q07,"lilith, neo mellow, piano rock, pop rock, post-teen pop",60,622667,Vanessa Carlton,0,0,0,0,1,,-291.474823,1183.687988,10,"#4c463e"
59eUYRRUA8EnmFBgR5kl33,59eUYRRUA8EnmFBgR5kl33,idol,10,7963,Diana DeGarmo,20,0.092459,0.164728,7123,2,,96.073555,685.978516,65.045776,"#d3b3b0"
3cF0O4sFTZJvwJQh7ZRP1R,3cF0O4sFTZJvwJQh7ZRP1R,,3,167,Matte O’Brien,0,0,0,0,2,,-14.536823,355.396179,10,"#d3b3b0"
5nx28ULD2nOGcaZi4FDr0T,5nx28ULD2nOGcaZi4FDr0T,idol,0,123,Vanessa Olivarez,0,0,0,0,2,,116.68087,857.445129,10,"#d3b3b0"
1PdFyOb4D6kRZfhrTUJqE9,1PdFyOb4D6kRZfhrTUJqE9,idol,0,1268,Jessica Sierra,0,0,0,0,2,,37.840328,775.802795,10,"#d3b3b0"
0SDWRoniMX4v6PxKqAuNac,0SDWRoniMX4v6PxKqAuNac,"candy pop, idol",4,7485,Kimberly Caldwell,0,0,0,0,2,,354.690002,568.993469,10,"#d3b3b0"
3lmeQnSYHi5KoLctIwMQXv,3lmeQnSYHi5KoLctIwMQXv,idol,0,1603,LaKisha Jones,0,0,0,0,2,,228.764526,545.787048,10,"#d3b3b0"
61jIKcC4zJhSBT2hcBGT9V,61jIKcC4zJhSBT2hcBGT9V,idol,2,843,Jim Verraros,0,0,0,0,2,,377.94986,677.688049,10,"#d3b3b0"
5wLx8YI3SMZkR3YO7lTN3b,5wLx8YI3SMZkR3YO7lTN3b,idol,0,539,Stephanie Edwards,0,0,0,0,2,,7.221333,561.658325,10,"#d3b3b0"
48E5csclQ92SrzSRQmEeC4,48E5csclQ92SrzSRQmEeC4,idol,19,24249,Allison Iraheta,0,0,0,0,2,,204.815475,437.183807,10,"#d3b3b0"
1H3vdMEhZiuSttQjKaRQMj,1H3vdMEhZiuSttQjKaRQMj,idol,5,2028,Tamyra Gray,0,0,0,0,2,,-194.252045,979.847839,10,"#d3b3b0"
1yb4zX0BZ7Ohe0lDcULddT,1yb4zX0BZ7Ohe0lDcULddT,idol,5,4061,Ace Young,0,0,0,0,2,,-73.244179,795.212036,10,"#d3b3b0"
1w4hqZZs281QMTBuACPxL6,1w4hqZZs281QMTBuACPxL6,idol,1,362,Carly Hennessy,0,0,0,0,2,,94.420158,467.545929,10,"#d3b3b0"
14iLAmnuVNhn6qAuAbZBC2,14iLAmnuVNhn6qAuAbZBC2,canadian country,1,2730,Carmen Rasmusen,0,0,0,0,2,,-21.580839,665.284241,10,"#d3b3b0"
0cAFxC4A77jenEdDik5TEH,0cAFxC4A77jenEdDik5TEH,idol,11,1264,David Hernandez,0,0,0,0,2,,326.638428,876.939331,10,"#d3b3b0"
7xevDCUuHSqqOPI210vdE9,7xevDCUuHSqqOPI210vdE9,idol,1,1271,Nikki McKibbin,0,0,0,0,2,,126.238358,580.617371,10,"#d3b3b0"
3SFVchRRMmFuOi3Azi0vTo,3SFVchRRMmFuOi3Azi0vTo,candy pop,24,30293,Saving Jane,0,0,0,0,2,,-19.50654,456.744415,10,"#d3b3b0"
0Av5wX4Zd3bam6RWExlocY,0Av5wX4Zd3bam6RWExlocY,idol,17,3746,Jasmine Trias,0,0,0,0,2,,259.357697,649.576172,10,"#d3b3b0"
4H6tLRh1nuIuVxHtXo68ZE,4H6tLRh1nuIuVxHtXo68ZE,idol,24,22548,Blake Lewis,19,0.100979,0.182919,7238,2,true,319.52832,460.032593,65.934479,"#d3b3b0"
2Bo6maBI7ZN1GhBgL2G9wE,2Bo6maBI7ZN1GhBgL2G9wE,,7,1217,The Private Language,0,0,0,0,2,,46.673801,256.018402,10,"#d3b3b0"
4HY2zdN65HUG5figJfXhUj,4HY2zdN65HUG5figJfXhUj,idol,17,1822,Vonzell Solomon,0,0,0,0,2,,112.232841,352.880096,10,"#d3b3b0"
0X9gb2eyRES9z1wiIQExLL,0X9gb2eyRES9z1wiIQExLL,idol,23,3561,Melinda Doolittle,0,0,0,0,2,,483.200897,651.779114,10,"#d3b3b0"
4BgyHNL5d6QR2DusBzmwAU,4BgyHNL5d6QR2DusBzmwAU,,15,2165,Thia Megia,0,0,0,0,2,,235.770401,328.059723,10,"#d3b3b0"
4lBcjMzkz39P14vLXMO2k6,4lBcjMzkz39P14vLXMO2k6,,21,1433,Annie Goodchild,0,0,0,0,2,,417.621307,431.089813,10,"#d3b3b0"
2pCpho80T9dJe1BOWnyxkF,2pCpho80T9dJe1BOWnyxkF,idol,23,3484,Joey Cook,0,0,0,0,2,,575.734985,588.259583,10,"#d3b3b0"
54vTuvEhI9EslkbBqsdb4l,54vTuvEhI9EslkbBqsdb4l,,30,7280,Von Smith,0,0,0,0,2,,459.951996,316.211639,10,"#d3b3b0"
4fJdo6NQQ4ghxfDOzKir81,4fJdo6NQQ4ghxfDOzKir81,,0,282,Stefanie Fair,0,0,0,0,2,,469.865082,534.100891,10,"#d3b3b0"
056XlYIT60uFLxOIgC0tfi,056XlYIT60uFLxOIgC0tfi,,9,483,Juliette Goglia,0,0,0,0,2,,606.819458,486.994141,10,"#d3b3b0"
1aSNX1iE4s6iCFFpfkPl4C,1aSNX1iE4s6iCFFpfkPl4C,british country,5,742,Paul Carella,0,0,0,0,3,,287.983154,207.860077,10,"#00bd94"
1UxNUybRFdtksz3l5HtCEG,1UxNUybRFdtksz3l5HtCEG,idol,37,67458,Casey Abrams,0,0,0,0,2,,526.005798,413.773621,10,"#d3b3b0"
3gN5Rim8xSWXChjpZ3U9rq,3gN5Rim8xSWXChjpZ3U9rq,,23,2508,Lavance Colley,0,0,0,0,2,,159.974106,241.809128,10,"#d3b3b0"
6neK0Nwb4rkGnehK4zL8iN,6neK0Nwb4rkGnehK4zL8iN,,31,6772,Ariana Savalas,0,0,0,0,2,,639.150269,373.830322,10,"#d3b3b0"
2PRX3SWA0tsqA2CuLfPiPl,2PRX3SWA0tsqA2CuLfPiPl,,0,274,Hayden Lee,18,0.110214,0.191925,7334,3,,427.569489,120.063667,66.676361,"#00bd94"
3tGBZXEEbjChwSoxDqchzs,3tGBZXEEbjChwSoxDqchzs,,5,1953,The Station Breaks,0,0,0,0,3,,541.860413,58.896717,10,"#00bd94"
3wGIH8TFCOUpgEi4mSaUaF,3wGIH8TFCOUpgEi4mSaUaF,,16,1653,Gil McKinney,0,0,0,0,3,,438.373505,9.024506,10,"#00bd94"
78EZcd0pMfrm5qJtfbbb5O,78EZcd0pMfrm5qJtfbbb5O,,9,4796,Briana Buckmaster,0,0,0,0,3,,276.769867,-133.637375,10,"#00bd94"
1qM50A2WtzGJwkNKD3mn4G,1qM50A2WtzGJwkNKD3mn4G,,14,3432,Dick Jr. & the Volunteers,0,0,0,0,3,,491.834381,-158.075897,10,"#00bd94"
2Gp6Jok77LOSH3YAtDEGkY,2Gp6Jok77LOSH3YAtDEGkY,,1,511,The Steve Carlson Band,0,0,0,0,3,,205.889847,134.343124,10,"#00bd94"
2GbmYrTXrKXvWmJZwyQV5W,2GbmYrTXrKXvWmJZwyQV5W,,3,1891,Left on Laurel,0,0,0,0,3,,660.480957,60.121338,10,"#00bd94"
5RllK9L8Sdmbz1UDzmyE1G,5RllK9L8Sdmbz1UDzmyE1G,,13,1627,Danny Kensy,0,0,0,0,3,,516.828613,190.085846,10,"#00bd94"
6R3NLF7uNoMjUYFhSSxtrx,6R3NLF7uNoMjUYFhSSxtrx,,17,3077,Steve Carlson,0,0,0,0,3,,394.304962,215.826569,10,"#00bd94"
31HgucqNKaFtx7fjZfVNLr,31HgucqNKaFtx7fjZfVNLr,,7,358,Emma Fitzpatrick,0,0,0,0,3,,575.429504,284.496368,10,"#00bd94"
7dLcKjebBGc0PfkX7QJmn5,7dLcKjebBGc0PfkX7QJmn5,,0,387,The Mots Nouveaux,0,0,0,0,3,,644.56366,-46.026939,10,"#00bd94"
3LyC5nEu3YhsVDTeFr0CtH,3LyC5nEu3YhsVDTeFr0CtH,,32,18208,Jason Manns,0,0,0,0,3,,317.484009,78.999786,10,"#00bd94"
0qJj1cLIDBCmN8cYcMHtiD,0qJj1cLIDBCmN8cYcMHtiD,,24,23255,Louden Swain,0,0,0,0,3,,303.349213,-25.755457,10,"#00bd94"
77HeI8Kyy8NMGYQrmqFV7n,77HeI8Kyy8NMGYQrmqFV7n,,25,6805,Rob Benedict,0,0,0,0,3,,200.005173,28.482969,10,"#00bd94"
4DBdLQhkTaPhydbjeHIIUL,4DBdLQhkTaPhydbjeHIIUL,,1,680,Brian Buckley Band,0,0,0,0,3,,624.887756,160.788818,10,"#00bd94"
0UqEm8h4VxD8CPum5Btrbl,0UqEm8h4VxD8CPum5Btrbl,,25,2856,Jay Gruska,0,0,0,0,3,,691.104431,241.466904,10,"#00bd94"
5GWCz0UAJDirn3cNNcq8iH,5GWCz0UAJDirn3cNNcq8iH,british country,6,1482,Gary Quinn,0,0,0,0,3,,342.791595,327.525604,10,"#00bd94"
7pe9RADjXbcHXwxnCHaHRd,7pe9RADjXbcHXwxnCHaHRd,classic oklahoma country,28,26415,Christian Kane,17,0.112363,0.186704,7393,3,,396.282043,-91.354683,67.132309,"#00bd94"
6kVxCBUNiNjVcpj1ODhViy,6kVxCBUNiNjVcpj1ODhViy,,5,2481,Riley Smith,0,0,0,0,3,,618.557434,-175.413361,10,"#00bd94"
3qBdT7NKSOBogHhGiUVLiV,3qBdT7NKSOBogHhGiUVLiV,,44,132141,Radio Company,0,0,0,0,3,,447.010071,-280.884674,10,"#00bd94"
539FiNgLTBmfQzYMSTGhbi,539FiNgLTBmfQzYMSTGhbi,,32,42897,Jensen Ackles,0,0,0,0,3,,175.393463,-81.534492,10,"#00bd94"
5FOnay0FD7x6RB2Mlq2JD0,5FOnay0FD7x6RB2Mlq2JD0,,16,9129,Ghost of the Robot,0,0,0,0,3,,666.204651,-327.526093,10,"#00bd94"
55vXrUMcOTLsburSL3PkFK,55vXrUMcOTLsburSL3PkFK,,1,747,Stewart Mac,0,0,0,0,3,,539.423767,-63.725193,10,"#00bd94"
6umISjDAHVLP3tvJMM80jw,6umISjDAHVLP3tvJMM80jw,,26,5150,Anthony Stewart Head,0,0,0,0,3,,259.411591,-251.602905,10,"#00bd94"
0XGi2ejSBtOyuBOQCq186K,0XGi2ejSBtOyuBOQCq186K,,8,261,Dean Roberts,0,0,0,0,3,,558.96344,-263.244293,10,"#00bd94"
4IeiBE1Wda3Gn1GrYkhEpX,4IeiBE1Wda3Gn1GrYkhEpX,,4,2332,Anthony Head,0,0,0,0,3,,371.274963,-205.94632,10,"#00bd94"
74hJP930Jtmwg5NqYoq9sB,74hJP930Jtmwg5NqYoq9sB,,12,2838,James Marsters,0,0,0,0,3,,578.794495,-376.961212,10,"#00bd94"
3XlASyLS4HSUX3inS3tIc1,3XlASyLS4HSUX3inS3tIc1,hollywood,41,154476,Jeremy Renner,16,0.125206,0.211505,7539,3,true,152.224411,-194.590576,68.260582,"#00bd94"
2mj5iibIywO5Vygsn64Z3e,2mj5iibIywO5Vygsn64Z3e,hollywood,22,49641,Robert Downey Jr.,0,0,0,0,3,,145.122635,-306.49823,10,"#00bd94"
2KAaJOwfu8n93byx6YPRPa,2KAaJOwfu8n93byx6YPRPa,"hollywood, nyc pop",53,214349,Scarlett Johansson,0,0,0,0,3,,1.049651,-442.937592,10,"#00bd94"
71PxpzhhLdi9OVp5NYqCZX,71PxpzhhLdi9OVp5NYqCZX,,17,7700,Tom Hiddleston,0,0,0,0,3,,343.067444,-333.655853,10,"#00bd94"
2garjIdgTW5i89s4Z3UT72,2garjIdgTW5i89s4Z3UT72,,47,91496,Andrew Garfield,0,0,0,0,3,,43.346897,-534.185059,10,"#00bd94"
32PaECIhlV46TtNdKP34GX,32PaECIhlV46TtNdKP34GX,,30,69671,Ben Barnes,0,0,0,0,3,,39.577744,-218.963669,10,"#00bd94"
7g77hiv179GYIwhfCgETGy,7g77hiv179GYIwhfCgETGy,,50,50751,Brie Larson,0,0,0,0,3,,40.22065,-341.287109,10,"#00bd94"
5HMNsIi6AQplZELW9jeLjd,5HMNsIi6AQplZELW9jeLjd,,30,5187,Eric Zayne,0,0,0,0,3,,82.152374,132.898972,10,"#00bd94"
0MO42HJhUFrv078qALxpPQ,0MO42HJhUFrv078qALxpPQ,movie tunes,45,33648,Luke Evans,0,0,0,0,3,,85.41964,14.140569,10,"#00bd94"
7oAoGc2k7201dlU7mkhlDp,7oAoGc2k7201dlU7mkhlDp,"gymcore, heavy alternative",52,314453,No Resolve,0,0,0,0,4,,-94.980919,-393.096161,10,"#ff5584"
2q3GG88dVwuQPF4FmySr9I,2q3GG88dVwuQPF4FmySr9I,"modern alternative rock, pov: indie",65,1431234,The Score,0,0,0,0,3,,231.43219,-378.765808,10,"#00bd94"
3OsHwkxpSIEqqmYoQxZTT5,3OsHwkxpSIEqqmYoQxZTT5,hollywood,43,130103,Johnny Depp,0,0,0,0,3,,130.897568,-432.974518,10,"#00bd94"
7LIy7KinYq7a83dUH6kvxT,7LIy7KinYq7a83dUH6kvxT,"bossbeat, modern alternative rock, rebel blues",52,281003,Zayde Wølf,0,0,0,0,3,,60.112953,-103.127769,10,"#00bd94"
62uiaKAdkbY94iXJnXyKzc,62uiaKAdkbY94iXJnXyKzc,,61,755196,Peyton Parrish,15,0.131639,0.212679,7612,4,true,-263.085236,-166.516495,68.824722,"#ff5584"
4FmJD0mpgQ70SNt2EKK8tq,4FmJD0mpgQ70SNt2EKK8tq,"antiviral pop, irish metal",58,343202,Miracle Of Sound,0,0,0,0,4,,-222.051498,-419.634644,10,"#ff5584"
7fM0h2CG7zKqKc0jEa1b4R,7fM0h2CG7zKqKc0jEa1b4R,gymcore,59,430520,Citizen Soldier,0,0,0,0,4,,-525.696777,-426.584839,10,"#ff5584"
2IeMt1qx6ZVt1HFjdfE5tl,2IeMt1qx6ZVt1HFjdfE5tl,"metal cover, otacore",58,388631,Jonathan Young,0,0,0,0,4,,-16.6535,65.280495,10,"#ff5584"
78u21hh7csceByaxzd7pbh,78u21hh7csceByaxzd7pbh,gymcore,51,239015,State of Mine,0,0,0,0,4,,-186.154449,-321.281006,10,"#ff5584"
3uliAYf4KyTkBpVf3BiWVv,3uliAYf4KyTkBpVf3BiWVv,viking folk,50,296423,SKÁLD,0,0,0,0,4,,-117.168312,107.886459,10,"#ff5584"
0WPCPYm5IDNtQjuJOGNPcy,0WPCPYm5IDNtQjuJOGNPcy,"melodic metal, power metal, swedish heavy metal",55,241154,Brothers of Metal,0,0,0,0,4,,-66.218903,-153.755142,10,"#ff5584"
2hwZ6O8nd7zKSUqRhYPo5U,2hwZ6O8nd7zKSUqRhYPo5U,shanty,53,118623,Colm R. McGuinness,0,0,0,0,4,,-144.172058,-0.346482,10,"#ff5584"
09Z51O0q4AwHl7FjUUlFKw,09Z51O0q4AwHl7FjUUlFKw,"german metal, hurdy-gurdy, medieval rock, neue deutsche harte",53,242605,Saltatio Mortis,0,0,0,0,4,,-300.285919,-263.018463,10,"#ff5584"
0eI3X5rAzHRZVe5FPk4MN1,0eI3X5rAzHRZVe5FPk4MN1,"alternative metal, metal, post-grunge",63,714467,Bad Wolves,0,0,0,0,4,,-433.225281,-265.654175,10,"#ff5584"
0Gtv3Wi6jj0lW1Po5QbIGS,0Gtv3Wi6jj0lW1Po5QbIGS,,51,91142,Sail North,0,0,0,0,4,,-420.183167,-392.956726,10,"#ff5584"
3D8Amh1jMYCSSj6aq9pxtl,3D8Amh1jMYCSSj6aq9pxtl,,42,41238,Ryan Jesse,0,0,0,0,4,,-62.398823,-280.118866,10,"#ff5584"
1S4xN9nvW5vlFoRBisdxUL,1S4xN9nvW5vlFoRBisdxUL,pixie,49,213379,Halocene,0,0,0,0,4,,-177.372864,200.527863,10,"#ff5584"
4HrkLxQHZ5mgCtIVpiH5QX,4HrkLxQHZ5mgCtIVpiH5QX,rap rock,59,506880,From Ashes to New,0,0,0,0,4,,-633.40332,-388.792725,10,"#ff5584"
67ps5pbKVO7V9Fcb4lTIXz,67ps5pbKVO7V9Fcb4lTIXz,"fantasy metal, italian folk metal, italian power metal, middle earth, tolkien metal",52,341480,Wind Rose,0,0,0,0,4,,-41.186588,-48.341339,10,"#ff5584"
2hmePXeTr2b7cdRAtRjvPq,2hmePXeTr2b7cdRAtRjvPq,,57,220310,Jeris Johnson,0,0,0,0,4,,-374.058563,-160.492523,10,"#ff5584"
7Lj8CmxeAuJ2c2I6YxA6AJ,7Lj8CmxeAuJ2c2I6YxA6AJ,medieval rock,48,107760,dArtagnan,0,0,0,0,4,,-160.262909,-214.531586,10,"#ff5584"
2Ct54gNxKnYLnXk9HhviMI,2Ct54gNxKnYLnXk9HhviMI,medieval rock,51,185111,Feuerschwanz,0,0,0,0,4,,-46.791668,192.190384,10,"#ff5584"
0HlC5yAd9HNvemXZhujTqG,0HlC5yAd9HNvemXZhujTqG,,28,23075,Volfgang Twins,0,0,0,0,4,,-185.873764,-92.620178,10,"#ff5584"
2vhrwzjf9H3icunkVFi9tq,2vhrwzjf9H3icunkVFi9tq,swedish alternative rock,59,278238,Smash Into Pieces,14,0.143605,0.22857,7521,4,,-745.256104,-466.723694,68.121475,"#ff5584"
1E68fQlo7IbZBUIoi2OxIN,1E68fQlo7IbZBUIoi2OxIN,,34,7230,APOC,0,0,0,0,4,,-842.184509,-549.144043,10,"#ff5584"
0FHW0Lp33r3fvIG0HL4mW0,0FHW0Lp33r3fvIG0HL4mW0,swedish alternative rock,52,85726,Self Deception,0,0,0,0,4,,-664.837402,-512.133484,10,"#ff5584"
1j55zNwCQ3jhbNsnmrOrwr,1j55zNwCQ3jhbNsnmrOrwr,"gymcore, post-screamo",43,62909,Written by Wolves,0,0,0,0,4,,-816.253052,-724.219788,10,"#ff5584"
4fnono0JCZFAeeaecrI7kg,4fnono0JCZFAeeaecrI7kg,,50,132610,Solence,0,0,0,0,4,,-818.662048,-954.797607,10,"#ff5584"
2uMWUtg8XLpJxNSqbGOkl1,2uMWUtg8XLpJxNSqbGOkl1,rebel blues,49,135872,All Good Things,0,0,0,0,4,,-730.158875,-822.404175,10,"#ff5584"
2otRZcOVNcmdkZ5nEoogy6,2otRZcOVNcmdkZ5nEoogy6,"swedish alternative rock, swedish metalcore, trancecore",50,411022,Dead by April,0,0,0,0,4,,-929.825195,-752.28894,10,"#ff5584"
5gFZo6Oh5WehnbEj0XtxiF,5gFZo6Oh5WehnbEj0XtxiF,"gymcore, post-grunge",39,119938,Like A Storm,0,0,0,0,4,,-643.530212,-42.491154,10,"#ff5584"
5urnoBZifR5YXG5YdCOj34,5urnoBZifR5YXG5YdCOj34,gymcore,44,58989,Lansdowne,0,0,0,0,4,,-902.805847,-642.447693,10,"#ff5584"
5byg90wTxATnhB6kK253DF,5byg90wTxATnhB6kK253DF,gymcore,38,39953,Fight The Fade,0,0,0,0,4,,-714.144165,-925.835083,10,"#ff5584"
2WQQRKpu2PMLsHSrUJmyCS,2WQQRKpu2PMLsHSrUJmyCS,"gymcore, post-grunge",43,122483,The Veer Union,0,0,0,0,4,,-594.074585,-141.840668,10,"#ff5584"
1nRfyHvAh1foLjOCa3hbv7,1nRfyHvAh1foLjOCa3hbv7,"gymcore, hard alternative, pixie",40,56244,Throw The Fight,0,0,0,0,4,,-535.822144,-320.421021,10,"#ff5584"
5txAC0hwbFB09Nv8Y1hPJl,5txAC0hwbFB09Nv8Y1hPJl,heavy alternative,49,102912,Cult To Follow,0,0,0,0,4,,-699.102783,-719.312439,10,"#ff5584"
6L5kgEyFIlckHbMdRM2KXQ,6L5kgEyFIlckHbMdRM2KXQ,"christian alternative rock, christian rock",45,165637,Nine Lashes,0,0,0,0,4,,-761.149292,-616.951416,10,"#ff5584"
5vkIUHgmiNIPn4Beoh2QPc,5vkIUHgmiNIPn4Beoh2QPc,gymcore,46,83737,Onlap,0,0,0,0,4,,-829.043823,-391.82724,10,"#ff5584"
1SPVRGHIGb9TJxBKQ9O9XT,1SPVRGHIGb9TJxBKQ9O9XT,"gymcore, post-grunge",39,90123,Through Fire,0,0,0,0,6,,-683.923645,64.792625,10,"#73c000"
0fkTQEEyEyH71i9tDhS7CO,0fkTQEEyEyH71i9tDhS7CO,christian rock,52,284961,Ashes Remain,0,0,0,0,4,,-845.5979,-839.081055,10,"#ff5584"
1ZjAT2nTrzDIXFfsQ2hWJk,1ZjAT2nTrzDIXFfsQ2hWJk,"alternative metal, post-grunge",54,367601,Adelitas Way,0,0,0,0,4,,-714.023804,-315.169525,10,"#ff5584"
2VVZQODxIpxa5k3jej4J7J,2VVZQODxIpxa5k3jej4J7J,"gymcore, heavy alternative",39,46451,Fivefold,13,0.158186,0.248868,7764.083333,5,true,-1130.023682,-175.85144,70,"#ff8805"
6hdXH0PNv4JjYrh5qt2gwO,6hdXH0PNv4JjYrh5qt2gwO,gymcore,34,30371,Bridge to Grace,12,0.17984,0.27607,2748.791146,5,,-1249.2229,55.729713,31.242363,"#ff8805"
55RliSZew78P0uyOaTd7JD,55RliSZew78P0uyOaTd7JD,gymcore,22,9047,BROACH,0,0,0,0,5,,-1460.676147,-25.7286,10,"#ff8805"
2RHjhmanyYnqKUyLbslWsD,2RHjhmanyYnqKUyLbslWsD,"gymcore, hard alternative",38,19854,Oceans Divide,0,0,0,0,6,,-1177.400269,135.224991,10,"#73c000"
3NWaix6Tlb7dFlJybjAO7Z,3NWaix6Tlb7dFlJybjAO7Z,gymcore,33,21236,Ravenscode,0,0,0,0,5,,-1429.579346,135.580673,10,"#ff8805"
271JhHWMjcrOcExyEO92Hj,271JhHWMjcrOcExyEO92Hj,"future rock, gymcore",35,16492,Project Vela,0,0,0,0,5,,-1017.404236,-634.223267,10,"#ff8805"
1Ixyt0Ah86g7rmyguEkcTp,1Ixyt0Ah86g7rmyguEkcTp,gymcore,29,10655,Fight Like Sin,0,0,0,0,5,,-1363.893433,34.904682,10,"#ff8805"
1544bxPITBjizDipOaExe1,1544bxPITBjizDipOaExe1,"gymcore, hard alternative",26,16410,Cold Driven,0,0,0,0,5,,-1250.706055,-46.578083,10,"#ff8805"
3bHqX8FAJc822NW16efjeh,3bHqX8FAJc822NW16efjeh,gymcore,33,13554,Leader,0,0,0,0,5,,-1300.539917,-190.73671,10,"#ff8805"
5NBXaAMwQMTVN8skHe6fFF,5NBXaAMwQMTVN8skHe6fFF,gymcore,28,13236,Dark Signal,0,0,0,0,5,,-993.35614,-529.746521,10,"#ff8805"
6U70wG368rrDhQXmAfa4lP,6U70wG368rrDhQXmAfa4lP,gymcore,27,7471,Outrun the Fall,0,0,0,0,5,,-1168.108643,-385.05191,10,"#ff8805"
4yMIEw1F5ALRIv7bZz0jid,4yMIEw1F5ALRIv7bZz0jid,gymcore,32,17856,Late Night Savior,0,0,0,0,5,,-912.733887,-461.854767,10,"#ff8805"
7tOJXf03sB2Fwvqf52bEOu,7tOJXf03sB2Fwvqf52bEOu,gymcore,19,5005,Falling With Glory,0,0,0,0,5,,-1183.497681,-264.164093,10,"#ff8805"
2NHZXdh4W3waGwVk3CdP4T,2NHZXdh4W3waGwVk3CdP4T,"gymcore, hard alternative",40,47558,Downplay,0,0,0,0,5,,-1357.498169,-81.429688,10,"#ff8805"
5Np2R8axHFv3SJ2zzJ0rIC,5Np2R8axHFv3SJ2zzJ0rIC,gymcore,24,11413,Awaken the Giant,0,0,0,0,5,,-1429.595337,-160.042923,10,"#ff8805"
0sggPEf0HKWbB7c9mLD8Hw,0sggPEf0HKWbB7c9mLD8Hw,"gymcore, hard alternative",28,11247,Our Waking Hour,0,0,0,0,5,,-1085.098511,108.517143,10,"#ff8805"
14sYTbULWFBnWzbpUCeFWQ,14sYTbULWFBnWzbpUCeFWQ,"gymcore, hard alternative",30,17941,Papercut Massacre,0,0,0,0,5,,-1364.949585,-392.367493,10,"#ff8805"
7MUx5uHwpNCLJzLBhkuKbP,7MUx5uHwpNCLJzLBhkuKbP,gymcore,37,21514,Memory of a Melody,12,0.179122,0.273416,5019.184491,6,,-1284.583862,246.24408,48.78772,"#73c000"
0367tx3GB3VLh2jZ2PDVYN,0367tx3GB3VLh2jZ2PDVYN,gymcore,20,11043,Daybreak Embrace,0,0,0,0,6,,-1083.627686,240.748367,10,"#73c000"
1fIvid3Vol1DPWFHPOzkXT,1fIvid3Vol1DPWFHPOzkXT,gymcore,27,10730,Blockheads,13,0.158987,0.254176,729.583333,5,,-1374.196045,-264.518036,15.638142,"#ff8805"
2QuYDAP6BZBSgd1hYmXOqT,2QuYDAP6BZBSgd1hYmXOqT,gymcore,23,8231,Down In Ashes,0,0,0,0,5,,-1428.928467,-487.379608,10,"#ff8805"
2MpQ2ZlSEtMuqochYrurY6,2MpQ2ZlSEtMuqochYrurY6,gymcore,28,10372,Live My Last,0,0,0,0,5,,-1398.465576,-588.764771,10,"#ff8805"
456LTGwOKD0jDMyuz4Spek,456LTGwOKD0jDMyuz4Spek,gymcore,21,5113,Fighting Kind,0,0,0,0,5,,-1527.581543,-105.295433,10,"#ff8805"
0daTpiZheWYiySdCFQl3Az,0daTpiZheWYiySdCFQl3Az,gymcore,18,3156,Highway Saints,0,0,0,0,5,,-1274.618164,-316.806427,10,"#ff8805"
6akf848KfHiEa41gn4JsGh,6akf848KfHiEa41gn4JsGh,gymcore,26,8296,Silver End,12,0.178917,0.272354,1632.070467,5,,-1304.023193,148.569839,22.612465,"#ff8805"
6RJeXxF9XFvCA2AUZXzPUV,6RJeXxF9XFvCA2AUZXzPUV,gymcore,25,6676,Cinema Sleep,0,0,0,0,5,,-1500.042236,-257.659637,10,"#ff8805"
6scAwtx7K6H8RaOK8D8mSm,6scAwtx7K6H8RaOK8D8mSm,,14,3273,Season to Attack,0,0,0,0,5,,-1336.109497,-672.033936,10,"#ff8805"
755Rpc8dp3p1P81BBo02R2,755Rpc8dp3p1P81BBo02R2,gymcore,25,8352,Seconds Away,0,0,0,0,5,,-1507.725098,67.264137,10,"#ff8805"
4TM7UyY8jPMwqeuBFTaedW,4TM7UyY8jPMwqeuBFTaedW,gymcore,11,1840,What Comes to Life,0,0,0,0,5,,-1474.021851,-373.87149,10,"#ff8805"
6GDWGAZfCcD5Tf60rZ9qRT,6GDWGAZfCcD5Tf60rZ9qRT,gymcore,10,2659,Panic Era,14,0.139,0.220858,710.983333,5,,-1110.719849,-591.384033,15.494402,"#ff8805"
0KJJIaGCSLh6fdDr6jIobT,0KJJIaGCSLh6fdDr6jIobT,gymcore,4,1092,Astraphobia,0,0,0,0,5,,-1126.509033,-838.107544,10,"#ff8805"
30HgW9SZRmTeIJ2XVZowpr,30HgW9SZRmTeIJ2XVZowpr,gymcore,6,1913,Within The Grey,0,0,0,0,5,,-1216.341431,-622.258789,10,"#ff8805"
5K2gt53BDvM7uTr5aiaJaH,5K2gt53BDvM7uTr5aiaJaH,gymcore,9,2474,Emergent,0,0,0,0,5,,-1291.258667,-544.775635,10,"#ff8805"
7diKqYbXH5sVKiEkrnjlTf,7diKqYbXH5sVKiEkrnjlTf,gymcore,8,1611,Sidewise,0,0,0,0,5,,-950.319519,-1024.743164,10,"#ff8805"
7kwmB3DR3LMeqYk5R3ML55,7kwmB3DR3LMeqYk5R3ML55,gymcore,3,838,Halfwait,0,0,0,0,5,,-1103.387207,-1031.536499,10,"#ff8805"
4ODO30C0kB9JTU867SK65l,4ODO30C0kB9JTU867SK65l,gymcore,13,2969,Fallible,0,0,0,0,5,,-930.86084,-919.984436,10,"#ff8805"
2fipuG7lPlORljiEh3y4MR,2fipuG7lPlORljiEh3y4MR,gymcore,8,2415,Her Name Echoes,0,0,0,0,5,,-1243.066162,-856.624207,10,"#ff8805"
6TIZuvLs3tdW2wjFSnupPt,6TIZuvLs3tdW2wjFSnupPt,gymcore,6,1120,Cenacle,0,0,0,0,5,,-1177.071045,-945.546997,10,"#ff8805"
4nvpjCDB0XMfevjcSGd0vY,4nvpjCDB0XMfevjcSGd0vY,,3,475,Tens Upon Thousands,0,0,0,0,5,,-1004.554749,-834.150818,10,"#ff8805"
0ToN8UQmm8jWsvtksxVbYR,0ToN8UQmm8jWsvtksxVbYR,gymcore,16,4494,Evalyn Awake,0,0,0,0,5,,-1064.671387,-735.618347,10,"#ff8805"
4MzOxSmQFfxotAIxEz1eyk,4MzOxSmQFfxotAIxEz1eyk,gymcore,19,7958,Dear Agony,0,0,0,0,5,,-1268.675049,-446.476624,10,"#ff8805"
7w9BKieyb5JLiYvpvcq3MP,7w9BKieyb5JLiYvpvcq3MP,gymcore,3,2301,The Chaos Agent,0,0,0,0,5,,-1049.668701,-938.963196,10,"#ff8805"
17vZzYndfue6dpjKoYzrLN,17vZzYndfue6dpjKoYzrLN,"gymcore, hard alternative",7,3625,Cyrenic,0,0,0,0,5,,-1293.003052,-766.063354,10,"#ff8805"
3v3zJzqzBPu0nkLRCdB3kJ,3v3zJzqzBPu0nkLRCdB3kJ,gymcore,15,3091,Hyperdose,0,0,0,0,5,,-1021.343445,-1103.811279,10,"#ff8805"
59QziM5Yzb0zT3gttaIyOt,59QziM5Yzb0zT3gttaIyOt,"gymcore, hard alternative",17,7982,Joan Red,0,0,0,0,6,,-895.770691,159.977509,10,"#73c000"
5Op2mkfdmnPsJL00weKl8f,5Op2mkfdmnPsJL00weKl8f,,4,290,Coded,0,0,0,0,5,,-1179.24939,-731.033691,10,"#ff8805"
1rWCtAIVWZxnqwPl1XJAnT,1rWCtAIVWZxnqwPl1XJAnT,"gymcore, hard alternative",4,2309,Dark From Day One,0,0,0,0,5,,-935.629944,-250.51889,10,"#ff8805"
59SWX8K9XW6NEHKNY3ER4O,59SWX8K9XW6NEHKNY3ER4O,gymcore,26,7005,Message from Sylvia,13,0.158666,0.25338,1056.983333,5,,-1202.600342,-131.731415,18.168253,"#ff8805"
6xrDGZeQ08sJmaNr7OvyqC,6xrDGZeQ08sJmaNr7OvyqC,"gymcore, hard alternative",29,12790,Ghosts of August,0,0,0,0,6,,-1025.883667,358.692841,10,"#73c000"
45ez02u0CzZzTXmWJCiSCc,45ez02u0CzZzTXmWJCiSCc,gymcore,22,5523,Take The Day,0,0,0,0,6,,-1125.385864,-4.749372,10,"#73c000"
2nhx2JbZodH9cAKvfMQVs8,2nhx2JbZodH9cAKvfMQVs8,gymcore,15,4410,Burn the Rez,0,0,0,0,5,,-1058.362793,-441.408264,10,"#ff8805"
7L9ieGr5a3eLcVo9fvVipB,7L9ieGr5a3eLcVo9fvVipB,gymcore,28,7863,The Last Element,0,0,0,0,5,,-1162.316284,-499.393463,10,"#ff8805"
3VfW28jv4VC4PCGOxdGJWq,3VfW28jv4VC4PCGOxdGJWq,gymcore,18,4188,Lightscape,0,0,0,0,5,,-960.484314,-362.385956,10,"#ff8805"
5d4ALSbUUnSfZnEIrbHaHz,5d4ALSbUUnSfZnEIrbHaHz,gymcore,21,3832,TrineATX,0,0,0,0,5,,-1066.961914,-321.785187,10,"#ff8805"
5dSvb37xHx8ohf7nzeosdK,5dSvb37xHx8ohf7nzeosdK,"gymcore, hard alternative",27,14817,Another Lost Year,11,0.197609,0.283203,4190.780035,6,,-1170.741943,477.135345,42.385895,"#73c000"
2TnFjJJ7H7w4N7PsSSr1Ne,2TnFjJJ7H7w4N7PsSSr1Ne,gymcore,18,7403,Breaking Through,0,0,0,0,5,,-1410.755249,253.323746,10,"#ff8805"
1GKSY43ArBcXJNAiqcwN0e,1GKSY43ArBcXJNAiqcwN0e,"gymcore, hard alternative",21,14712,Silent Season,0,0,0,0,6,,-1129.413574,342.714294,10,"#73c000"
4i4Ra7cGv6zxiRtRSrhm1I,4i4Ra7cGv6zxiRtRSrhm1I,gymcore,33,26334,Shallow Side,12,0.184706,0.285146,663.573213,6,,-1196.763672,238.572006,15.128022,"#73c000"
7qnZOnyWkv53h8zSq7LGUo,7qnZOnyWkv53h8zSq7LGUo,"gymcore, hard alternative",26,21448,3 Years Hollow,0,0,0,0,6,,-1072.051392,549.09198,10,"#73c000"
4uMEYmxG5yfg5Vtx1o5uDe,4uMEYmxG5yfg5Vtx1o5uDe,"gymcore, heavy alternative",18,6347,Gravel Switch,0,0,0,0,6,,-1366.282471,509.498291,10,"#73c000"
7oevzNTtvs1voO1V2Z0UTv,7oevzNTtvs1voO1V2Z0UTv,"gymcore, hard alternative",22,13031,Within Reason,11,0.198107,0.28506,3846.595402,6,,-1203.886841,394.451111,39.726074,"#73c000"
7dqaqSF99mplIxbpPYVtD8,7dqaqSF99mplIxbpPYVtD8,"gymcore, heavy alternative",35,12064,Stellar Revival,0,0,0,0,6,,-1328.240356,374.557312,10,"#73c000"
1i02muAMNlTzg3oGJV7ZMj,1i02muAMNlTzg3oGJV7ZMj,"gymcore, hard alternative",33,43476,Emphatic,11,0.195639,0.280496,786.021752,6,,-960.150024,463.54657,16.074291,"#73c000"
27RNoVjypDuY5uVPMRWqI9,27RNoVjypDuY5uVPMRWqI9,"gymcore, hard alternative",29,14616,Fall Of Envy,0,0,0,0,6,,-1064.516357,451.878174,10,"#73c000"
7fBjvrS7ZTXcPYeCTDwWXG,7fBjvrS7ZTXcPYeCTDwWXG,"future rock, gymcore",27,19868,Deadset Society,12,0.18309,0.276654,388.70083,6,,-987.904175,159.301956,13.003838,"#73c000"
4siKRTUG4I38Cw6SmK3hjc,4siKRTUG4I38Cw6SmK3hjc,,15,2347,Reid Henry,0,0,0,0,6,,-827.997498,-280.64682,10,"#73c000"
5ZsRi6gCwRHuNFrFg7stMA,5ZsRi6gCwRHuNFrFg7stMA,,3,1295,Tense Machine,0,0,0,0,6,,-1021.664001,-203.533188,10,"#73c000"
5LgPoZGQ3w6YmtNLw0BVmL,5LgPoZGQ3w6YmtNLw0BVmL,"gymcore, metalcore",22,16486,Nine Shrines,0,0,0,0,6,,-1049.013672,-81.681015,10,"#73c000"
4olk2DDoPvzAJlJBonZFHk,4olk2DDoPvzAJlJBonZFHk,"gymcore, post-grunge",37,66780,Devour the Day,0,0,0,0,6,,-876.731506,354.769836,10,"#73c000"
30Ns8wCbxSPz2L1tnSypTG,30Ns8wCbxSPz2L1tnSypTG,gymcore,23,22121,As Lions,0,0,0,0,6,,-847.458801,-64.629128,10,"#73c000"
3TAuvixByrl46lX0uwygkg,3TAuvixByrl46lX0uwygkg,"gymcore, hard alternative",20,26057,Eve To Adam,11,0.190998,0.277402,1040.677235,6,,-915.408386,681.325867,18.042242,"#73c000"
3NA7pdIdD5hjZMMxI85CAX,3NA7pdIdD5hjZMMxI85CAX,gymcore,17,7888,American Sin,0,0,0,0,6,,-838.124634,-174.038818,10,"#73c000"
2gK2vUsncaH9nrI7gQIYH5,2gK2vUsncaH9nrI7gQIYH5,"gymcore, hard alternative",21,8639,Echoes The Fall,0,0,0,0,6,,-1431.223145,350.326996,10,"#73c000"
01O6fzBvv8w5ObhpmApn5J,01O6fzBvv8w5ObhpmApn5J,"gymcore, hard alternative",21,6213,Man Made Machine,12,0.177201,0.266516,772.370202,6,,-1269.09436,491.784363,15.968794,"#73c000"
3vHyyUBF8ixiMN0uwDl92H,3vHyyUBF8ixiMN0uwDl92H,gymcore,20,9807,Breathing Theory,0,0,0,0,6,,-1515.953247,230.807373,10,"#73c000"
3gG7K7TATrFEYcDpbppgNL,3gG7K7TATrFEYcDpbppgNL,"gymcore, hard alternative",20,9152,7 Days Away,0,0,0,0,6,,-1181.650269,589.238892,10,"#73c000"
0d0BEv8UIOeoIx9KJes8oI,0d0BEv8UIOeoIx9KJes8oI,"gymcore, hard alternative, heavy alternative",9,3332,Gone for Days,0,0,0,0,6,,-1239.38916,794.921997,10,"#73c000"
4btR0sVJGLmTNWD8RCsDv8,4btR0sVJGLmTNWD8RCsDv8,"gymcore, hard alternative, heavy alternative",9,4048,Surrender the Fall,0,0,0,0,6,,-1279.182861,625.41571,10,"#73c000"
4mph2vTgoTyuipc4Ykguww,4mph2vTgoTyuipc4Ykguww,"gymcore, hard alternative, heavy alternative",23,5116,Against All Will,0,0,0,0,6,,-1116.051636,805.891296,10,"#73c000"
2MJSxITepZQye0vuZfgfcY,2MJSxITepZQye0vuZfgfcY,"gymcore, hard alternative",27,9400,Candlelight Red,11,0.193708,0.276727,557.277754,6,,-1081.961304,660.537048,14.306582,"#73c000"
1HzkIi3SzN7u0NQf8bTvPR,1HzkIi3SzN7u0NQf8bTvPR,"gymcore, hard alternative",25,14130,Angels Fall,0,0,0,0,6,,-1316.80957,728.878723,10,"#73c000"
3EVBBkbegkGQuygq4zKexD,3EVBBkbegkGQuygq4zKexD,"gymcore, hard alternative",21,15872,Under The Flood,10,0.202973,0.278223,5611.814964,6,,-889.900757,529.628784,53.3675,"#73c000"
61WAWyJ87mA8HJW5PNb16X,61WAWyJ87mA8HJW5PNb16X,"gymcore, hard alternative, heavy alternative",7,3706,Seven Circle Sunrise,0,0,0,0,6,,-1168.607056,706.554138,10,"#73c000"
3SkMfpMPWTdOHVudqKyUfG,3SkMfpMPWTdOHVudqKyUfG,"gymcore, hard alternative",14,4448,Dharmata,0,0,0,0,5,,-1460.645386,450.897095,10,"#ff8805"
71JOI08jl2ctfRfc8NzjE4,71JOI08jl2ctfRfc8NzjE4,gymcore,12,1666,Before The Curtain,0,0,0,0,6,,-1225.759155,905.10498,10,"#73c000"
2JCrOsOHzymQSdCljSwZpY,2JCrOsOHzymQSdCljSwZpY,"gymcore, hard alternative, heavy alternative",19,6260,Weaving The Fate,0,0,0,0,6,,-1399.01355,628.284424,10,"#73c000"
37LJ5jj0Df1Q4zG5okKZ3K,37LJ5jj0Df1Q4zG5okKZ3K,"gymcore, hard alternative",16,4342,Seven Day Sonnet,11,0.174154,0.244061,457.546242,6,,-970.655579,275.923553,13.535868,"#73c000"
6lLJG9qyH5EjWNqB00AGRI,6lLJG9qyH5EjWNqB00AGRI,hard alternative,4,2056,Hedged,0,0,0,0,6,,-629.722351,344.339081,10,"#73c000"
0cgALHmIlBUAS6UKLNisRN,0cgALHmIlBUAS6UKLNisRN,hard alternative,7,4231,Burning Borders,0,0,0,0,6,,-802.393066,438.868805,10,"#73c000"
4s1BuZUHQ6t40ykX8ioJSz,4s1BuZUHQ6t40ykX8ioJSz,"gymcore, hard alternative",10,5476,Without Tomorrow,0,0,0,0,6,,-822.262573,253.40448,10,"#73c000"
5wWA3yGVNfq10L5VhaMerB,5wWA3yGVNfq10L5VhaMerB,hard alternative,2,2675,Signum A.D.,0,0,0,0,6,,-988.712463,20.782778,10,"#73c000"
1cGqUk7YumkhknqHAz1tWb,1cGqUk7YumkhknqHAz1tWb,"gymcore, hard alternative",9,5103,Signs of Betrayal,0,0,0,0,6,,-742.864868,346.005768,10,"#73c000"
69DTY2p4rDjpRn8zMYu8R2,69DTY2p4rDjpRn8zMYu8R2,hard alternative,2,1503,Heart-Set Self-Destruct,0,0,0,0,6,,-774.688416,19.579218,10,"#73c000"
31ch5jMGKrEpS0aaVLsmzE,31ch5jMGKrEpS0aaVLsmzE,gymcore,10,1930,No Such Thing,0,0,0,0,6,,-882.424744,49.607147,10,"#73c000"
3IfyFQ24g7QRvr9y9Y0arw,3IfyFQ24g7QRvr9y9Y0arw,hard alternative,2,2418,Solid State Logic,0,0,0,0,6,,-701.21283,238.568039,10,"#73c000"
7HuDJRYmx9pN1FamKx0ENy,7HuDJRYmx9pN1FamKx0ENy,"gymcore, hard alternative",11,4105,Tragedy Machine,0,0,0,0,6,,-770.306213,141.991043,10,"#73c000"
4UJhWYWY03GJcGPdL7OiQC,4UJhWYWY03GJcGPdL7OiQC,hard alternative,1,1834,A Thousand Shades of Cold,0,0,0,0,6,,-944.240112,-102.158661,10,"#73c000"
5G6O74uDjYpl0BuDVQg5fb,5G6O74uDjYpl0BuDVQg5fb,"gymcore, hard alternative",12,10125,BulletProof Messenger,10,0.213315,0.291189,361.848218,6,,-807.219421,565.052673,12.796324,"#73c000"
4Cvd0gdNb36qNT6PLDpPjy,4Cvd0gdNb36qNT6PLDpPjy,hard alternative,19,13229,Burn Season,0,0,0,0,6,,-688.242859,738.675354,10,"#73c000"
3BWYe4qW2NbVFGcnsaAHIl,3BWYe4qW2NbVFGcnsaAHIl,hard alternative,14,10019,Seven Wiser,0,0,0,0,6,,-578.710938,721.401062,10,"#73c000"
7wBfoMAxS8VHDwIFnh6cVi,7wBfoMAxS8VHDwIFnh6cVi,"gymcore, hard alternative, post-grunge",35,33610,Deepfield,10,0.219427,0.305467,1498.161372,6,,-818.236389,730.264526,21.577629,"#73c000"
0glc9Rxc58M5zTJP0mBCGM,0glc9Rxc58M5zTJP0mBCGM,"gymcore, hard alternative",22,26782,Digital Summer,0,0,0,0,6,,-853.799866,826.282593,10,"#73c000"
3UmfLYwk2TowLt9YPvekT1,3UmfLYwk2TowLt9YPvekT1,hard alternative,22,11994,Allele,0,0,0,0,6,,-547.029541,549.520935,10,"#73c000"
4PFnRtmjWYFKNdOgw7RCjb,4PFnRtmjWYFKNdOgw7RCjb,"hard alternative, heavy alternative",3,3018,Silvergun,0,0,0,0,6,,-1132.355469,963.403442,10,"#73c000"
4ecwKp1MXjX369tB0KAydv,4ecwKp1MXjX369tB0KAydv,"gymcore, hard alternative",27,31207,Rains,10,0.216851,0.299628,2328.419389,6,,-944.344055,605.294983,27.993774,"#73c000"
715XMXJPxYwH5YpplEHV2u,715XMXJPxYwH5YpplEHV2u,"hard alternative, post-grunge",29,32741,32 Leaves,9,0.227536,0.307211,6878.299611,6,,-616.781738,644.699463,63.154758,"#73c000"
2AJFbCb91HyLr6xVeERbYj,2AJFbCb91HyLr6xVeERbYj,"hard alternative, post-grunge",24,22406,Edgewater,0,0,0,0,6,,-523.489136,816.517944,10,"#73c000"
3hjOsJlTGeQ9Ho5S6C3pbs,3hjOsJlTGeQ9Ho5S6C3pbs,hard alternative,27,18188,Lo-Pro,0,0,0,0,6,,-341.669342,759.359802,10,"#73c000"
0abGE6ExPPQzzPAZFROU3Y,0abGE6ExPPQzzPAZFROU3Y,hard alternative,28,15856,Depswa,8,0.224767,0.292516,7590.25471,6,true,-429.091034,452.686188,68.65667,"#73c000"
4e27lOSzk1nvSxpw2BrrwT,4e27lOSzk1nvSxpw2BrrwT,post-grunge,34,35816,Revis,9,0.228863,0.311457,1014.067627,6,,-627.864868,846.840881,17.836605,"#73c000"
4p4w7caKUrj4emHsdmSToC,4p4w7caKUrj4emHsdmSToC,"hard alternative, post-grunge",26,55467,Dark new Day,9,0.223966,0.296065,310.678553,6,,-475.530029,728.881775,12.40089,"#73c000"
0539gq2LM2VDs01rp8gnGz,0539gq2LM2VDs01rp8gnGz,"hard alternative, post-grunge",35,71968,Submersed,0,0,0,0,6,,-682.934326,970.882019,10,"#73c000"
2tQsX5dHCbKXavQ1le6dH5,2tQsX5dHCbKXavQ1le6dH5,"grunge pop, hard alternative",25,18697,Course Of Nature,9,0.22853,0.310396,908.951697,6,,-729.469238,839.084961,17.024281,"#73c000"
4PbKVheWA7ToOxOrqqzjol,4PbKVheWA7ToOxOrqqzjol,hard alternative,25,15655,Atomship,0,0,0,0,6,,-461.82489,621.433167,10,"#73c000"
6v3WSmu6dy6Y0mFBWYPcES,6v3WSmu6dy6Y0mFBWYPcES,"grunge pop, hard alternative",18,12634,Socialburn,0,0,0,0,6,,-440.77536,921.200317,10,"#73c000"
7edtTpy6wnUUuk7cAu4A88,7edtTpy6wnUUuk7cAu4A88,"hard alternative, rap rock",24,18943,Five Bolt Main,0,0,0,0,6,,-317.261292,479.109894,10,"#73c000"
0Vpec38i5geCuhm1qZNqGl,0Vpec38i5geCuhm1qZNqGl,"canadian rock, hard alternative",24,21385,Parabelle,0,0,0,0,6,,-325.954834,364.445557,10,"#73c000"
6eeYhqOX2cpsiHY6gVuvPA,6eeYhqOX2cpsiHY6gVuvPA,"alternative metal, industrial metal, nu metal",39,133003,Earshot,0,0,0,0,6,,-587.945435,1024.255981,10,"#73c000"
5WzngE3glloMeAAUkn2vVn,5WzngE3glloMeAAUkn2vVn,hard alternative,9,3638,Modern Day Zero,0,0,0,0,6,,-478.424103,359.529755,10,"#73c000"
20u2flTrg98r9oLVqi7yZI,20u2flTrg98r9oLVqi7yZI,"gymcore, hard alternative",19,14187,Atom Smash,0,0,0,0,6,,-955.679443,829.61731,10,"#73c000"
1KegaXKSIGYGi4JOHsRtTX,1KegaXKSIGYGi4JOHsRtTX,"christian rock, hard alternative",17,15845,Since October,0,0,0,0,6,,-552.96283,443.860321,10,"#73c000"
2hTFYVduEywDC8zUUUVbUE,2hTFYVduEywDC8zUUUVbUE,"hard alternative, heavy alternative",16,13752,Red Line Chemistry,0,0,0,0,6,,-1048.949951,884.471802,10,"#73c000"
5IuQE5ZKoNOwNLKp1kYv0H,5IuQE5ZKoNOwNLKp1kYv0H,"hard alternative, heavy alternative, post-grunge",28,23086,Jet Black Stare,0,0,0,0,6,,-688.66571,550.917114,10,"#73c000"
14hUMFyndDg4AQ3jP8cljs,14hUMFyndDg4AQ3jP8cljs,"gymcore, hard alternative",26,22362,Seasons After,11,0.195395,0.278372,64.523647,6,,-996.103699,717.747192,10.498631,"#73c000"
6l0DPGloCYFvs6dM7Y8Wmw,6l0DPGloCYFvs6dM7Y8Wmw,"hard alternative, post-grunge",30,47258,Aranda,0,0,0,0,6,,-992.218994,974.889404,10,"#73c000"
0CPFYzByhaEMhIJ5Gpy7li,0CPFYzByhaEMhIJ5Gpy7li,"gymcore, hard alternative",17,9659,Eye Empire,0,0,0,0,6,,-792.512146,949.604004,10,"#73c000"
4MIG8OvEho8mRHsut8Phzm,4MIG8OvEho8mRHsut8Phzm,"hard alternative, heavy alternative",6,4533,Craving Lucy,0,0,0,0,6,,-1071.222534,1057.042847,10,"#73c000"
6WpMmtHYz6DhHhrQWx566m,6WpMmtHYz6DhHhrQWx566m,"hard alternative, heavy alternative",26,29890,Burn Halo,0,0,0,0,6,,-677.990662,455.342224,10,"#73c000"
4QmfDUxqqt0DO7edOOMUvl,4QmfDUxqqt0DO7edOOMUvl,heavy alternative,23,29213,Stereoside,0,0,0,0,6,,-892.158386,951.747253,10,"#73c000"
7a06JYLmZG3txQqr9uzvbg,7a06JYLmZG3txQqr9uzvbg,post-grunge,32,53220,Cavo,10,0.213315,0.30577,1062.787763,6,,-760.746704,657.6875,18.213108,"#73c000"
28DlNBW2UlEVVgTuCcYtTe,28DlNBW2UlEVVgTuCcYtTe,"alternative metal, christian rock, post-grunge",42,191874,Art Of Dying,0,0,0,0,4,,-544.606873,276.984344,10,"#ff5584"
60tc2v0OZXPmGhRCcVrSqM,60tc2v0OZXPmGhRCcVrSqM,"hard alternative, heavy alternative",24,36422,One Less Reason,0,0,0,0,6,,-895.751465,1064.258179,10,"#73c000"
2DntubHirEICSdXa23WNpV,2DntubHirEICSdXa23WNpV,"heartland rock, heavy alternative",38,52734,Royal Bliss,0,0,0,0,6,,-783.849243,1070.786621,10,"#73c000"
10n5DVRlZbjbZ5ffpwpn6l,10n5DVRlZbjbZ5ffpwpn6l,"alternative metal, nu metal, post-grunge, rebel blues",48,271962,Rev Theory,11,0.188589,0.270979,607.166667,4,,-627.69281,178.562134,14.692119,"#ff5584"
1d5wNTZ8WZYE5WuXXjug9w,1d5wNTZ8WZYE5WuXXjug9w,"christian rock, post-grunge, rap rock",49,278372,Egypt Central,0,0,0,0,4,,-514.018921,-37.738293,10,"#ff5584"
1pRaG81GsVtaTBuVSpldt2,1pRaG81GsVtaTBuVSpldt2,"alternative metal, nu metal, post-grunge",52,552823,Pop Evil,0,0,0,0,4,,-728.126282,-101.705467,10,"#ff5584"
3pigXV2QUatr3szcb3MacR,3pigXV2QUatr3szcb3MacR,post-grunge,48,183809,Shaman's Harvest,0,0,0,0,4,,-395.792603,176.190613,10,"#ff5584"
4tMZahYVKJdjbC1GHVtNnV,4tMZahYVKJdjbC1GHVtNnV,"alternative metal, nu metal, post-grunge",40,212887,Tantric,0,0,0,0,4,,-709.795105,-206.488129,10,"#ff5584"
6pDRa5fS3myWSP0fpIUcNl,6pDRa5fS3myWSP0fpIUcNl,"alternative metal, canadian rock, christian rock, nu metal, post-grunge",51,273430,Evans Blue,0,0,0,0,4,,-559.354492,65.657196,10,"#ff5584"
5S6hjAxgxjsLylsTtMIimO,5S6hjAxgxjsLylsTtMIimO,"alternative metal, nu metal, rap metal",56,951586,Saliva,0,0,0,0,4,,-597.691589,-240.258057,10,"#ff5584"
0DrXhci3WAyo0WJv1RBOG6,0DrXhci3WAyo0WJv1RBOG6,"alternative metal, christian hard rock, christian rock, nu metal, post-grunge",43,417359,12 Stones,0,0,0,0,4,,-484.235535,-150.497437,10,"#ff5584"
2AVVj8ezW2mJ0v8u7XydiF,2AVVj8ezW2mJ0v8u7XydiF,"alternative metal, nu metal, post-grunge",53,875445,Saving Abel,0,0,0,0,4,,-399.174713,279.165161,10,"#ff5584"
64g59lHsc4g2jMFokrKDGW,64g59lHsc4g2jMFokrKDGW,"alternative metal, post-grunge",55,597080,My Darkest Days,0,0,0,0,4,,-504.496582,166.342896,10,"#ff5584"
7qAcXJgt1PWnxwUgxMdyuk,7qAcXJgt1PWnxwUgxMdyuk,"alternative metal, nu metal, post-grunge",53,892370,Sick Puppies,0,0,0,0,4,,-286.733612,230.922867,10,"#ff5584"
7nxzGBaGRmWGaxsIxmy6Nx,7nxzGBaGRmWGaxsIxmy6Nx,grunge pop,16,6449,Doubledrive,9,0.207947,0.278806,471.506763,6,,-391.791504,836.978516,13.643753,"#73c000"
5V5NZ8y72BgxpB6rN4XxtI,5V5NZ8y72BgxpB6rN4XxtI,post-grunge,38,83571,The Exies,0,0,0,0,6,,-800.910706,1178.020996,10,"#73c000"
2GuMOJNCLkYdDGfgbJMP3v,2GuMOJNCLkYdDGfgbJMP3v,canadian rock,30,37794,Thornley,0,0,0,0,6,,-784.70636,1292.50354,10,"#73c000"
0XyWrKlieKYjGrIkA3Kieq,0XyWrKlieKYjGrIkA3Kieq,"hard alternative, industrial metal, nu metal, rap rock",22,25131,Stereomud,0,0,0,0,6,,-340.419067,658.483398,10,"#73c000"
5dw20y4c03uTJPC7rKoDtS,5dw20y4c03uTJPC7rKoDtS,,29,13923,Institute,9,0.225899,0.302434,167.296916,6,,-544.840759,924.707092,11.292852,"#73c000"
6lBam1B1t8wpnH7pJHWnj6,6lBam1B1t8wpnH7pJHWnj6,,36,20996,Gavin Rossdale,0,0,0,0,6,,-694.408569,1229.513916,10,"#73c000"
7rLROMpngJJNjgA0QuFslW,7rLROMpngJJNjgA0QuFslW,canadian rock,21,16296,Audiovent,0,0,0,0,6,,-352.541992,1010.475403,10,"#73c000"
64PbmJodBtuaLJ9DpE9wDF,64PbmJodBtuaLJ9DpE9wDF,grunge pop,15,6027,Injected,0,0,0,0,6,,-568.146667,1142.40686,10,"#73c000"
3fv8LrqQBegapXGYeozRXP,3fv8LrqQBegapXGYeozRXP,supergroup,18,8399,Another Animal,0,0,0,0,6,,-591.951172,1259.808105,10,"#73c000"
21gbshFM2TtXQH6yVN4NkF,21gbshFM2TtXQH6yVN4NkF,"grunge pop, philly indie, progressive alternative",15,9079,Sinch,0,0,0,0,6,,-293.882568,917.513,10,"#73c000"
205R69oONynii13Suz3U8A,205R69oONynii13Suz3U8A,grunge pop,19,4591,Dust For Life,0,0,0,0,6,,-474.239319,1054.855103,10,"#73c000"
7dkVjeJSzc79ebDZspqhEH,7dkVjeJSzc79ebDZspqhEH,,6,3385,Call Me No One,0,0,0,0,6,,-232.316208,698.548523,10,"#73c000"
0feckEGYU0rSZd7womAwGY,0feckEGYU0rSZd7womAwGY,,3,2163,Clint Lowery's Hello Demons Meet Skeletons,0,0,0,0,6,,-372.494019,558.270203,10,"#73c000"
4qrdhnXBOzRt9OSmL29IFO,4qrdhnXBOzRt9OSmL29IFO,"alternative metal, nu metal, post-grunge",39,131191,Ra,0,0,0,0,6,,-230.924408,576.149658,10,"#73c000"
2WtFV305GtN3zoUf2troUq,2WtFV305GtN3zoUf2troUq,,21,3859,Buzzhorn,0,0,0,0,6,,-983.117676,1139.331421,10,"#73c000"
0mfFGjshEFbLqZEkPBkblG,0mfFGjshEFbLqZEkPBkblG,,24,10271,Pulse Ultra,0,0,0,0,6,,-899.222656,1214.167725,10,"#73c000"
0XaShgj4XgdneEkOyv0bCC,0XaShgj4XgdneEkOyv0bCC,"grunge pop, hard alternative",11,3313,Closure,0,0,0,0,6,,-675.9599,1108.651489,10,"#73c000"
139wYRAzVbuOjYRxeuVaMQ,139wYRAzVbuOjYRxeuVaMQ,underground grunge,1,421,Still Rain,0,0,0,0,6,,-133.611542,709.529724,10,"#73c000"
2bNBkjI8dj6Hhn5nkuWmR7,2bNBkjI8dj6Hhn5nkuWmR7,grunge pop,4,1529,No Address,0,0,0,0,6,,-224.07756,820.682983,10,"#73c000"
7mXnK1qGWFCKWDww3D2NCJ,7mXnK1qGWFCKWDww3D2NCJ,grunge pop,15,6422,U.P.O.,0,0,0,0,6,,-124.327271,473.187531,10,"#73c000"
33uTE5rqkeSu0IAgFEGkcK,33uTE5rqkeSu0IAgFEGkcK,grunge pop,3,1073,Seven Channels,0,0,0,0,6,,-121.460182,590.156921,10,"#73c000"
2pVlOoHxePUplhv9w2ZTx9,2pVlOoHxePUplhv9w2ZTx9,,12,4903,Systematic,0,0,0,0,6,,-474.030701,1195.071533,10,"#73c000"
4Chmvv7snf0tN3GPp4jzhz,4Chmvv7snf0tN3GPp4jzhz,"alternative metalcore, grunge pop, rap rock",18,15220,Full Devil Jacket,0,0,0,0,6,,-217.491867,448.225311,10,"#73c000"
3GB80jogLa6avIee5UqtAd,3GB80jogLa6avIee5UqtAd,grunge pop,12,3704,8stops7,0,0,0,0,6,,-387.223877,1119.914429,10,"#73c000"
3s4QalxVf7tJzEqwuK4OA7,3s4QalxVf7tJzEqwuK4OA7,"alternative metalcore, hard alternative, rap rock",18,12234,The Blank Theory,0,0,0,0,7,,-328.343567,91.399551,10,"#c0c0c0"
29KgWvoKiNJJDixLiOQ9Tr,29KgWvoKiNJJDixLiOQ9Tr,"hard alternative, nu metal",14,8242,Pressure 4-5,0,0,0,0,7,,-286.69455,-21.25098,10,"#c0c0c0"
4DBLENrn8bjySmST0dPmth,4DBLENrn8bjySmST0dPmth,"alternative metalcore, rap rock",16,14050,From Zero,0,0,0,0,7,,-389.507172,-44.648827,10,"#c0c0c0"
032KW4BDINmTBcRJtgLzDK,032KW4BDINmTBcRJtgLzDK,"cleveland metal, hard alternative, rap metalcore, rap rock",20,19874,Switched,0,0,0,0,7,,-231.848877,87.845741,10,"#c0c0c0"
09r5DbXTHzkULoLVWdAIMW,09r5DbXTHzkULoLVWdAIMW,"alternative metalcore, hard alternative, rap metalcore, rap rock",18,8502,Lifer,0,0,0,0,7,,-433.654083,54.267258,10,"#c0c0c0"
1XFVzEMC5dyIus9DaPpAdK,1XFVzEMC5dyIus9DaPpAdK,"nu metal, rap rock",22,23527,Unloco,0,0,0,0,6,,-210.472473,329.602509,10,"#73c000"
4Qd8NEE1cdNgqki7u9r1hs,4Qd8NEE1cdNgqki7u9r1hs,,14,5835,Onesidezero,0,0,0,0,6,,-111.309746,310.318268,10,"#73c000"
2sQMWvEOpGDW5znSlXwDn5,2sQMWvEOpGDW5znSlXwDn5,"alternative metalcore, hard alternative, miami metal, rap metalcore, rap rock",17,5692,Endo,7,0.292632,0.392497,7236,7,true,-327.11026,-356.183929,65.919022,"#c0c0c0"
4c1JZrEC8vqzikQBL1qj3n,4c1JZrEC8vqzikQBL1qj3n,"alternative metalcore, rap metalcore, rap rock",9,7658,Grade 8,0,0,0,0,7,,-90.760452,-526.626465,10,"#c0c0c0"
07fTAgqdll24uVLY2FKTrm,07fTAgqdll24uVLY2FKTrm,"alternative metalcore, rap metalcore, rap rock",15,8172,Darwin's Waiting Room,0,0,0,0,7,,-463.237793,-615.098083,10,"#c0c0c0"
1Io0pffT5n5BXs2VZm5iOT,1Io0pffT5n5BXs2VZm5iOT,"alternative metalcore, rap metalcore",3,3265,40 Grit,0,0,0,0,7,,-219.919006,-630.692444,10,"#c0c0c0"
3lmJHmJ29hCPrTiY60CxIC,3lmJHmJ29hCPrTiY60CxIC,"alternative metalcore, hard alternative, rap metalcore",9,2933,Twin Method,0,0,0,0,7,,-422.035828,-514.372925,10,"#c0c0c0"
1stV6oo9asbFSMafjLzL9m,1stV6oo9asbFSMafjLzL9m,"alternative metalcore, funk metal, rap metalcore, rap rock",12,5359,Headplate,0,0,0,0,7,,-315.197357,-489.918549,10,"#c0c0c0"
1KcqD1P5YwBDopoanaswBg,1KcqD1P5YwBDopoanaswBg,"alternative metalcore, rap metalcore, rap rock",10,4576,Shuvel,0,0,0,0,7,,-386.100098,-691.835571,10,"#c0c0c0"
0HH4zpGoJjgANmze1nNfTH,0HH4zpGoJjgANmze1nNfTH,"alternative metalcore, rap metalcore, rap rock",8,2491,Number One Son,0,0,0,0,7,,-196.141312,-524.239929,10,"#c0c0c0"
1DigUiRbUT4b2oIqMkJuBF,1DigUiRbUT4b2oIqMkJuBF,alternative metalcore,6,1781,Flybanger,0,0,0,0,7,,-547.099976,-531.371887,10,"#c0c0c0"
78La3UNTjYIUPI0gVjRdIF,78La3UNTjYIUPI0gVjRdIF,"alternative metalcore, hard alternative, rap metalcore",6,1153,MyDownFall,0,0,0,0,7,,-553.820435,-675.727905,10,"#c0c0c0"
6h8VOeAXc8EgwqQ9YMH1rZ,6h8VOeAXc8EgwqQ9YMH1rZ,alternative metalcore,11,5331,The Deadlights,0,0,0,0,7,,-637.631775,-613.73114,10,"#c0c0c0"
3bVC5WoTpMgRWdUOZwyYWW,3bVC5WoTpMgRWdUOZwyYWW,alternative metalcore,4,1326,Liquid Gang,0,0,0,0,7,,-596.355957,-779.30835,10,"#c0c0c0"
4sNa80vVIh4V4dbDCpHohT,4sNa80vVIh4V4dbDCpHohT,"alternative metalcore, rap metalcore, rap rock",11,7226,Factory 81,0,0,0,0,7,,-323.072906,-603.958435,10,"#c0c0c0"
4rV2evbem9rGdUSUB7wqJx,4rV2evbem9rGdUSUB7wqJx,"alternative metalcore, hard alternative, rap metalcore",6,2250,Centox,0,0,0,0,7,,-481.361176,-763.176941,10,"#c0c0c0"
2NVAcQoUfQqM8i4Lu9V9nU,2NVAcQoUfQqM8i4Lu9V9nU,"alternative metalcore, rap metalcore",7,1652,8 Degrees,6,0.357143,0.46,6600,7,,354.435059,-614.411133,61.004089,"#c0c0c0"
40zv8tnqo5trjBSCrEpBNp,40zv8tnqo5trjBSCrEpBNp,"alternative metalcore, rap metalcore",4,445,8 Degrees,0,0,0,0,8,,245.806244,-652.956116,10,"#df89ff"
32J6TVMrQvipyeLoXeZTEv,32J6TVMrQvipyeLoXeZTEv,"alternative metalcore, rap metalcore",3,904,Str8jackit,0,0,0,0,7,,800.204041,-948.914978,10,"#c0c0c0"
2gU2KMFxmKRwJEGT2cinVk,2gU2KMFxmKRwJEGT2cinVk,"alternative metalcore, rap metalcore",3,606,Captor,0,0,0,0,7,,696.025696,-716.445496,10,"#c0c0c0"
2mp95qucupM7jSSkEpvDPF,2mp95qucupM7jSSkEpvDPF,"alternative metalcore, rap metalcore",4,924,Spyndakit,0,0,0,0,7,,633.378723,-501.03476,10,"#c0c0c0"
0vgSTIVpAWTKu7Uobd16AA,0vgSTIVpAWTKu7Uobd16AA,"alternative metalcore, rap metalcore",8,1640,EASTcide,0,0,0,0,7,,789.324524,-733.515808,10,"#c0c0c0"
38zL8mwW1htcbZdg6UTLCQ,38zL8mwW1htcbZdg6UTLCQ,"alternative metalcore, rap metalcore",4,457,ScKapegoat,6,0.381271,0.485526,722.172354,8,,338.8125,-825.836487,15.58087,"#df89ff"
22miU6FYBUweP3TmdRWwXX,22miU6FYBUweP3TmdRWwXX,"alternative metalcore, rap metalcore",3,1263,7th Rail Crew,0,0,0,0,7,,460.558929,-395.166382,10,"#c0c0c0"
5jVm8SrkHZpepeutvMV6GQ,5jVm8SrkHZpepeutvMV6GQ,"alternative metalcore, rap metalcore",3,509,I TRIP,6,0.387755,0.496491,722.657312,8,,249.943954,-764.03949,15.584618,"#df89ff"
6Vkd8iv6mFuZpYYLOuk9xv,6Vkd8iv6mFuZpYYLOuk9xv,"alternative metalcore, rap metalcore",6,731,Halfgain,0,0,0,0,7,,243.907608,-514.129883,10,"#c0c0c0"
1jakT9N7L3jCilyIIw2cY2,1jakT9N7L3jCilyIIw2cY2,"alternative metalcore, rap metalcore",4,755,Flipzyde,6,0.387755,0.490643,500.279221,8,,393.807251,-709.375183,13.866104,"#df89ff"
0dSIuPymatuy1rYeZvJDZp,0dSIuPymatuy1rYeZvJDZp,rap metalcore,4,480,No Blindfold,6,0.386441,0.492836,993.928847,8,,133.27713,-823.200989,17.680975,"#df89ff"
7FQ5C2G2tO4biqeqB8mQLK,7FQ5C2G2tO4biqeqB8mQLK,"alternative metalcore, rap metalcore",4,490,Disrup,0,0,0,0,8,,476.144043,-737.354309,10,"#df89ff"
604fyQmWANC770NX8zsHc3,604fyQmWANC770NX8zsHc3,"alternative metalcore, rap metalcore",5,1346,Kilkus,0,0,0,0,7,,824.214844,-839.474365,10,"#c0c0c0"
0t8GmoXAuqh2B5UrsTr9g3,0t8GmoXAuqh2B5UrsTr9g3,"alternative metalcore, rap metalcore",7,882,Stoopi,0,0,0,0,7,,409.167572,-510.792877,10,"#c0c0c0"
4zWZCaTUtshEp4UGLdiIIG,4zWZCaTUtshEp4UGLdiIIG,rap metalcore,3,1401,Calm Chaos,0,0,0,0,8,,-174.792221,-743.472046,10,"#df89ff"
719JTWMdYd8VfmW4f9gW0Z,719JTWMdYd8VfmW4f9gW0Z,"alternative metalcore, rap metalcore",3,404,Buny,7,0.360759,0.47477,979.031201,8,,409.79776,-907.97821,17.565847,"#df89ff"
12s79IGvQ2nuihqC57RrsG,12s79IGvQ2nuihqC57RrsG,"alternative metalcore, rap metalcore",9,1237,Gazzoleen,0,0,0,0,7,,146.0439,-559.875488,10,"#c0c0c0"
0CDoi4cLrWzDuAwRNDrcSu,0CDoi4cLrWzDuAwRNDrcSu,"alternative metalcore, rap metalcore",6,1139,Deadly Medley,0,0,0,0,7,,694.321716,-599.886108,10,"#c0c0c0"
0LLRgYTzoLI8c0RQqH5VEd,0LLRgYTzoLI8c0RQqH5VEd,"alternative metalcore, rap metalcore",3,500,Acid Blitz,6,0.378738,0.480409,726.068981,8,,461.479919,-857.341919,15.610983,"#df89ff"
7MN6Sbr4ohzZITq1nUhnZq,7MN6Sbr4ohzZITq1nUhnZq,"alternative metalcore, rap metalcore",2,414,Stuk,5,0.414545,0.506871,1793.184954,8,true,55.018116,-793.854492,23.85754,"#df89ff"
5jSdvmC9tzHRZ0tpL456Kp,5jSdvmC9tzHRZ0tpL456Kp,"alternative metalcore, rap metalcore",1,310,Flofactor,6,0.4,0.50307,273.556207,8,,140.560349,-946.497192,12.114013,"#df89ff"
3qMtDm1wLs11gJNtCqwp3u,3qMtDm1wLs11gJNtCqwp3u,"alternative metalcore, rap metalcore",1,258,Ld-50 (metal),5,0.431818,0.52076,891.435792,8,,122.413803,-1024.835571,16.88892,"#df89ff"
16e5omZWnBd0ruEYVrtGoB,16e5omZWnBd0ruEYVrtGoB,"alternative metalcore, rap metalcore",2,284,Mugg,6,0.383838,0.485526,99.970853,8,,246.342926,-979.902771,10.772564,"#df89ff"
3C5lX49QUDgTrMXVnjRO9Y,3C5lX49QUDgTrMXVnjRO9Y,,1,128,Ethynol,6,0.38,0.486257,854.523893,8,,318.915405,-1113.73645,16.603668,"#df89ff"
3Mk7LttDUmD02mZfuJzvCK,3Mk7LttDUmD02mZfuJzvCK,,0,229,Nok,6,0.389078,0.493567,230.167184,8,,207.662827,-860.602722,11.778708,"#df89ff"
58THD159RRgM6CkicnQEQ9,58THD159RRgM6CkicnQEQ9,"alternative metalcore, rap metalcore",2,506,Jor,6,0.386441,0.489912,297.719876,8,,152.760895,-706.465942,12.300747,"#df89ff"
1t2bTxOIvdQVFyzBF6YYgY,1t2bTxOIvdQVFyzBF6YYgY,"alternative metalcore, rap metalcore",1,290,Throe,0,0,0,0,8,,28.423491,-927.213379,10,"#df89ff"
30KrmSnkTpr9Fw9O5JAn2h,30KrmSnkTpr9Fw9O5JAn2h,rap metalcore,1,401,Knecbone,5,0.411552,0.505409,459.6822,8,,-78.175438,-880.852112,13.552374,"#df89ff"
3BGNUHqlNXi4RQhdo9MAyK,3BGNUHqlNXi4RQhdo9MAyK,rap metalcore,0,226,copper seven,5,0.395833,0.489327,473.301892,8,,-125.713608,-1084.433472,13.657626,"#df89ff"
0aqVsYytIGMkikRmhOlStW,0aqVsYytIGMkikRmhOlStW,rap metalcore,1,308,End7,5,0.397213,0.492982,600.434228,8,,-124.936562,-978.402954,14.640091,"#df89ff"
0CP8YnbpuZM3Hq18GUwIBd,0CP8YnbpuZM3Hq18GUwIBd,"alternative metalcore, rap metalcore",6,401,Calm,6,0.376238,0.478947,72.302913,8,,317.524292,-911.093262,10.558749,"#df89ff"
38s8F4smkdOEwTuOrz9yDz,38s8F4smkdOEwTuOrz9yDz,rap metalcore,0,238,Drednot,4,0.405694,0.49269,1672.528228,8,,-223.897217,-1033.846313,22.925117,"#df89ff"
0MuUhh4IeClZYFUlyB196N,0MuUhh4IeClZYFUlyB196N,"alternative metalcore, rap metalcore",1,359,Downbreed,0,0,0,0,8,,-55.514435,-756.481262,10,"#df89ff"
1IOxINdNqjjd3gaDP4gnQ5,1IOxINdNqjjd3gaDP4gnQ5,"alternative metalcore, rap metalcore",3,384,Armani Death Machine,6,0.395833,0.500877,222.098984,8,,335.487213,-1020.011108,11.716357,"#df89ff"
557ml9sf87zBJDPKnsVPtN,557ml9sf87zBJDPKnsVPtN,,2,147,Mainstay,6,0.372549,0.477485,426.114089,8,,414.752289,-1101.521118,13.292964,"#df89ff"
18SW67nMoQRDFqaA5eVTEa,18SW67nMoQRDFqaA5eVTEa,alternative metalcore,4,395,Skribble,6,0.372549,0.477485,118.485481,8,,539.232605,-943.081726,10.915643,"#df89ff"
1ranHcLburi3zOihRT9x4a,1ranHcLburi3zOihRT9x4a,"alternative metalcore, rap metalcore",8,474,Juice,0,0,0,0,8,,620.92511,-864.578491,10,"#df89ff"
6V0jVWhSql4pEEENNj2ZEI,6V0jVWhSql4pEEENNj2ZEI,"alternative metalcore, rap metalcore",1,252,Distortion Drum,6,0.398601,0.503801,105.089728,8,,219.583725,-1066.060181,10.812122,"#df89ff"
2DzHz5qpMaBh9YXwLifKyQ,2DzHz5qpMaBh9YXwLifKyQ,"alternative metalcore, rap metalcore",1,430,20 Dead Flower Children,0,0,0,0,8,,599.634094,-742.891174,10,"#df89ff"
741l72V0At1jVQWPauiqOK,741l72V0At1jVQWPauiqOK,alternative metalcore,1,201,DetoX,0,0,0,0,8,,634.049927,-1164.571899,10,"#df89ff"
66MpNnHO4fBD7ktZJpIM9F,66MpNnHO4fBD7ktZJpIM9F,rap metalcore,1,262,adrenachrome.,6,0.416058,0.518421,715.796745,8,,157.593765,-1122.27356,15.5316,"#df89ff"
0FTMRoelJ4u2VN2U8mnpZf,0FTMRoelJ4u2VN2U8mnpZf,"alternative metalcore, rap metalcore",7,536,Shortie,0,0,0,0,8,,484.721558,-609.273743,10,"#df89ff"
17P6ra1GoNpVHCX1rsPwL6,17P6ra1GoNpVHCX1rsPwL6,"alternative metalcore, rap metalcore",1,330,Sig. 9,6,0.377483,0.48114,93.688073,8,,438.365601,-995.055115,10.724011,"#df89ff"
4nWCUjS15JcvxMGTUoJ6bi,4nWCUjS15JcvxMGTUoJ6bi,rap metalcore,0,396,Disappearance,0,0,0,0,8,,-319.908691,-1047.758057,10,"#df89ff"
42C5Rvru2nXgk2mRH7sp49,42C5Rvru2nXgk2mRH7sp49,rap metalcore,0,318,Project XXX,0,0,0,0,8,,-480.235809,-901.776062,10,"#df89ff"
5YzaVB93VNKv17ZtoHfdpG,5YzaVB93VNKv17ZtoHfdpG,rap metalcore,0,295,Conscious Collective,0,0,0,0,8,,-374.695679,-830.184875,10,"#df89ff"
1xUjb3MKhNTFH9jJX69iBo,1xUjb3MKhNTFH9jJX69iBo,rap metalcore,1,352,IH5,0,0,0,0,8,,-368.378479,-927.366272,10,"#df89ff"
1qNwgMYf7e3oakXQkK9Ay8,1qNwgMYf7e3oakXQkK9Ay8,rap metalcore,0,302,Joel Stop Him,0,0,0,0,8,,-289.910828,-758.268433,10,"#df89ff"
11GaEXM3jVsiihU0Ty6nKJ,11GaEXM3jVsiihU0Ty6nKJ,rap metalcore,0,277,Keenants,0,0,0,0,8,,-223.735489,-1152.395874,10,"#df89ff"
1Mw2GlMaAp3qUyI3BONvBX,1Mw2GlMaAp3qUyI3BONvBX,rap metalcore,0,220,Back Yard Pimps,0,0,0,0,8,,-201.296906,-848.198181,10,"#df89ff"
0tVZor6CzVoQA9Mky4pwcx,0tVZor6CzVoQA9Mky4pwcx,rap metalcore,0,250,Race Card,0,0,0,0,8,,-269.492249,-920.305725,10,"#df89ff"
2OlXLEN4RlJcFoMatkN3XX,2OlXLEN4RlJcFoMatkN3XX,,2,103,D:FI,6,0.368932,0.476901,110.800277,8,,269.389221,-1276.244019,10.856253,"#df89ff"
6gxat692jrMGBsyJmxeehZ,6gxat692jrMGBsyJmxeehZ,,2,106,Nipps Brown,6,0.375,0.477485,56.649597,8,,440.24472,-1212.665405,10.437782,"#df89ff"
1FA4oNo3ydbl7sgknfHp9s,1FA4oNo3ydbl7sgknfHp9s,alternative metalcore,3,164,Funny,6,0.37377,0.478947,57.643729,8,,513.100647,-1155.992554,10.445464,"#df89ff"
66G1TgL4T8ldy9rfcPP3z8,66G1TgL4T8ldy9rfcPP3z8,,1,111,I.R.A.T.E,0,0,0,0,8,,515.016418,-1440.178467,10,"#df89ff"
6E1qVzP827F6GgHdEdzHeY,6E1qVzP827F6GgHdEdzHeY,,1,108,LeechSeed,7,0.338279,0.454449,55.507883,8,,449.709991,-1307.478638,10.428959,"#df89ff"
06oPWSe3CgMyVhsPqhYoWV,06oPWSe3CgMyVhsPqhYoWV,,1,65,Malachi Crunch,0,0,0,0,8,,700.138062,-1271.34729,10,"#df89ff"
72JgT9EAnNi9PAs8CMWhVC,72JgT9EAnNi9PAs8CMWhVC,,1,98,Addiction 96,6,0.365385,0.472515,122.703873,8,,539.753845,-1327.321655,10.948242,"#df89ff"
3EyFtxOcCpCPIfT8U83Fj8,3EyFtxOcCpCPIfT8U83Fj8,"alternative metalcore, rap metalcore",6,375,Seeded Crown,7,0.348624,0.464536,74.663043,8,,529.684265,-1044.606567,10.576988,"#df89ff"
7BEGqZcs5VgE9cJTCcwZSY,7BEGqZcs5VgE9cJTCcwZSY,,1,97,HeadDrop,7,0.337278,0.456203,313.471082,8,,553.89801,-1247.1604,12.42247,"#df89ff"
76Q9qK8hoyrIh9c5VXeCcn,76Q9qK8hoyrIh9c5VXeCcn,"alternative metalcore, rap metalcore",3,174,Aisling,0,0,0,0,8,,244.734024,-1192.436523,10,"#df89ff"
1C0DIDi6LiXsM2fpP0IIVt,1C0DIDi6LiXsM2fpP0IIVt,,1,77,Chubfarm,0,0,0,0,8,,248.355743,-1401.73645,10,"#df89ff"
4o8gR8yv2LzaUrAumVWviL,4o8gR8yv2LzaUrAumVWviL,,2,127,Addiction,7,0.360759,0.476963,18.999674,8,,344.444,-1322.468384,10.146828,"#df89ff"
5SA9KqI6ceUrf6UKAatyks,5SA9KqI6ceUrf6UKAatyks,rap metalcore,2,136,ZERØMIND,0,0,0,0,8,,677.49707,-1370.359009,10,"#df89ff"
5aAgPl8TPf3gvdkyGpSplR,5aAgPl8TPf3gvdkyGpSplR,rap metalcore,2,135,As Ashes Fall,7,0.342342,0.460297,114.906472,8,,366.360535,-1212.599487,10.887985,"#df89ff"
43KTeXSHf2WSF8vss1nPG8,43KTeXSHf2WSF8vss1nPG8,,0,51,tod.,7,0.350769,0.468191,90.918127,8,,387.222656,-1413.063354,10.702605,"#df89ff"
6cruc2lyuxVnupCCSUNagV,6cruc2lyuxVnupCCSUNagV,"alternative metalcore, rap metalcore",10,734,Brik,0,0,0,0,8,,858.679993,-1034.403442,10,"#df89ff"
2AhTNX3mOn3A0ZfUCEATQu,2AhTNX3mOn3A0ZfUCEATQu,"alternative metalcore, rap metalcore",4,548,NMSO4,0,0,0,0,8,,717.522156,-877.300171,10,"#df89ff"
0TjGE1zs305Nu2xhIEHjwN,0TjGE1zs305Nu2xhIEHjwN,"alternative metalcore, rap metalcore",3,525,22 Even,0,0,0,0,8,,584.318359,-621.645752,10,"#df89ff"
7zeB5Fk5d38bTwUjeIjxLX,7zeB5Fk5d38bTwUjeIjxLX,,0,129,Myndsick,5,0.411552,0.507602,472.998088,8,,107.375656,-1273.637329,13.655278,"#df89ff"
0zxnrHKUQJWSvz28kewqiJ,0zxnrHKUQJWSvz28kewqiJ,alternative metalcore,5,263,Lower,7,0.340299,0.459858,247.556461,8,,673.727661,-1023.666626,11.91309,"#df89ff"
3vTfprC8BEOBy6UFBDf7fO,3vTfprC8BEOBy6UFBDf7fO,alternative metalcore,1,311,CrawlBlind,0,0,0,0,8,,792.267822,-1123.36438,10,"#df89ff"
2R6buBHp0QiQJxiO3FQ0QJ,2R6buBHp0QiQJxiO3FQ0QJ,,2,111,Allan,7,0.348624,0.467899,75.640812,8,,617.235474,-1087.581787,10.584544,"#df89ff"
3NNeOeNjB0K0KvwJ1PHdb8,3NNeOeNjB0K0KvwJ1PHdb8,"alternative metalcore, rap metalcore",1,271,Tyfoid Mary,6,0.402827,0.507456,726.333645,8,,6.423572,-1115.956543,15.613028,"#df89ff"
2qI6WDMuNKxSiL9oOVmeW6,2qI6WDMuNKxSiL9oOVmeW6,,1,245,At Will,6,0.416058,0.518421,606.326617,8,,45.669346,-1188.206543,14.685627,"#df89ff"
4hjsPcRD5IFMOHza2H4G73,4hjsPcRD5IFMOHza2H4G73,"alternative metalcore, rap metalcore",3,445,Crooked,0,0,0,0,8,,1036.096069,-1107.188599,10,"#df89ff"
3BwLOoUpPMBe5iZo9b2Cuc,3BwLOoUpPMBe5iZo9b2Cuc,rap metalcore,3,315,Siop,0,0,0,0,8,,939.26123,-1118.626343,10,"#df89ff"
16T8JzjoOmxvag2gepLeZa,16T8JzjoOmxvag2gepLeZa,alternative metalcore,8,424,Left,0,0,0,0,8,,896.664856,-1209.675415,10,"#df89ff"
5Sm6kIA7lKTRXtplM1WJGv,5Sm6kIA7lKTRXtplM1WJGv,,1,127,GODMODE,0,0,0,0,8,,797.869263,-1253.063843,10,"#df89ff"
4GxosCYmS67rshlQL7eFJa,4GxosCYmS67rshlQL7eFJa,alternative metalcore,1,332,Clown,0,0,0,0,8,,-41.834435,-1302.533447,10,"#df89ff"
3SE7Viz1TtrBUsBelEB6lr,3SE7Viz1TtrBUsBelEB6lr,"alternative metalcore, rap metalcore",3,296,Arizing,0,0,0,0,8,,-158.15802,-1307.020874,10,"#df89ff"
5lHmuQbpJ0bTlDJjQ8gLni,5lHmuQbpJ0bTlDJjQ8gLni,"alternative metalcore, rap metalcore",1,379,Life Hates Me,0,0,0,0,8,,-428.239929,-1439.812378,10,"#df89ff"
1DpndkNA1fKfEPapAxptDy,1DpndkNA1fKfEPapAxptDy,,0,104,enemy of?,0,0,0,0,8,,-225.763138,-1407.898438,10,"#df89ff"
5fvFT7yGzABe1hIm6he2u4,5fvFT7yGzABe1hIm6he2u4,,0,100,Cryptobiotic,6,0.398601,0.503801,119.244556,8,,112.269348,-1359.588013,10.921509,"#df89ff"
15sdW68wyRHVMewlDt4Qy3,15sdW68wyRHVMewlDt4Qy3,,1,41,S.Box,0,0,0,0,8,,299.337952,-1507.606689,10,"#df89ff"
3If0uep0ux9Ev1oZjp56GS,3If0uep0ux9Ev1oZjp56GS,,0,140,Tempernoi,0,0,0,0,8,,165.086823,-1499.050293,10,"#df89ff"
2nG479yzObkaqHwGXI7SsY,2nG479yzObkaqHwGXI7SsY,,1,210,Dent,0,0,0,0,8,,-333.183044,-1365.065552,10,"#df89ff"
0ofo9atVrtKALOgZoMSBmz,0ofo9atVrtKALOgZoMSBmz,,0,2912,C-engine,0,0,0,0,8,,-51.752369,-1518.939453,10,"#df89ff"
233KEoLCEEPlqE45QFqLVL,233KEoLCEEPlqE45QFqLVL,,0,126,26 miles per hour,0,0,0,0,8,,60.941669,-1506.020752,10,"#df89ff"
4J0ZBTLOUFrOOsjae4v1ly,4J0ZBTLOUFrOOsjae4v1ly,rap metalcore,0,105,G Lethal 9,0,0,0,0,8,,-107.61245,-1420.043457,10,"#df89ff"
5rpsk1nMRBDdhPP7acEkhE,5rpsk1nMRBDdhPP7acEkhE,alternative metalcore,1,240,Singlethreat,0,0,0,0,8,,-180.077499,-1509.569458,10,"#df89ff"
25p0DorSvnRoMhZBIqXcKC,25p0DorSvnRoMhZBIqXcKC,,0,239,Central Slang,0,0,0,0,8,,-484.088348,-1342.654907,10,"#df89ff"
3bmXHwsBGhuPqZ3w83PQ98,3bmXHwsBGhuPqZ3w83PQ98,rap metalcore,1,338,Kinds of Cases,0,0,0,0,8,,-409.322113,-1258.041382,10,"#df89ff"
796BCpWRxeqdVclM84nyS9,796BCpWRxeqdVclM84nyS9,rap metalcore,0,230,57 State,0,0,0,0,8,,-483.048035,-1175.390381,10,"#df89ff"
1KbAB0hmW6rbQuInIZmamc,1KbAB0hmW6rbQuInIZmamc,rap metalcore,1,204,The Almighty Grind,0,0,0,0,8,,-329.7948,-1191.026733,10,"#df89ff"
0TypZcGUuLARU1A1kmlTbc,0TypZcGUuLARU1A1kmlTbc,"alternative metalcore, rap metalcore",3,527,Slodust,0,0,0,0,8,,525.415894,-490.108154,10,"#df89ff"
6tWKwueRuFFITlLVnvGs1K,6tWKwueRuFFITlLVnvGs1K,alternative metalcore,6,494,Monkeynut,0,0,0,0,8,,327.368561,-448.529358,10,"#df89ff"
5BqhXtXm1LcPio29WtaX9b,5BqhXtXm1LcPio29WtaX9b,,0,123,Yobo,0,0,0,0,8,,-317.042572,-1483.99707,10,"#df89ff"
3T827iyxjUA0gkO7fVRE1G,3T827iyxjUA0gkO7fVRE1G,rap metalcore,0,157,Idlemine,0,0,0,0,8,,-598.555847,-892.727356,10,"#df89ff"
3sOnqOTXXKOI4Y2TLuFPqa,3sOnqOTXXKOI4Y2TLuFPqa,rap metalcore,0,211,Power Movement Project,0,0,0,0,8,,-626.343018,-1122.120728,10,"#df89ff"
4Vct5CM79iNH0LNpuDMcin,4Vct5CM79iNH0LNpuDMcin,rap metalcore,0,213,End Of April,0,0,0,0,8,,-564.168396,-1243.54248,10,"#df89ff"
5eYS4qk7rCZ9kFIcEVx6t8,5eYS4qk7rCZ9kFIcEVx6t8,rap metalcore,1,409,ABstraXT,0,0,0,0,8,,-590.616394,-995.184265,10,"#df89ff"
3mbsCoPhgby6jFh4l1yn6B,3mbsCoPhgby6jFh4l1yn6B,rap metalcore,1,472,Illshot,4,0.377483,0.466374,1110.5,8,,-403.660248,-1106.513916,18.581825,"#df89ff"
2fDVwRULPgfoDHh81fm3WU,2fDVwRULPgfoDHh81fm3WU,rap metalcore,1,754,1AD7,0,0,0,0,8,,-644.161865,-1330.412231,10,"#df89ff"
2sIpBlDEkk7Gc82jVPnX3S,2sIpBlDEkk7Gc82jVPnX3S,rap metalcore,1,340,Loco Tribe,0,0,0,0,8,,-570.899902,-1407.724365,10,"#df89ff"
5Tc8ktB37cZeA5i8sM7Rth,5Tc8ktB37cZeA5i8sM7Rth,rap metalcore,1,438,Loko Phylum,4,0.383838,0.473684,832.950855,8,,-432.022736,-1008.418518,16.436954,"#df89ff"
3miG3NGAMN1TY56jiIKXpY,3miG3NGAMN1TY56jiIKXpY,,0,290,Comadose,0,0,0,0,8,,-685.109741,-1216.537476,10,"#df89ff"
6obBZ81gxJMl6IXTW4sIl0,6obBZ81gxJMl6IXTW4sIl0,rap metalcore,0,955,Jugganote,5,0.360759,0.457456,595,8,,-531.993042,-1067.493408,14.598096,"#df89ff"
6ZTixIiX0ssjidbw3554tH,6ZTixIiX0ssjidbw3554tH,rap metalcore,3,2139,9th Corner,0,0,0,0,8,,-923.923828,-1174.967651,10,"#df89ff"
5ASvMXLe9iYRt1gzN7rOwe,5ASvMXLe9iYRt1gzN7rOwe,"rap metal, rap metalcore, rap rock",2,1848,Kongcrete,0,0,0,0,8,,-845.742004,-1248.421143,10,"#df89ff"
3pghbIkEeUc6lSkeMqiTLR,3pghbIkEeUc6lSkeMqiTLR,"rap metalcore, rap rock",0,951,Sunbomb,0,0,0,0,8,,-753.180847,-1314.024658,10,"#df89ff"
15LPhUvfBqmaWpOSTuxSFJ,15LPhUvfBqmaWpOSTuxSFJ,rap metalcore,0,576,Downsiid,0,0,0,0,8,,-776.120728,-1159.909058,10,"#df89ff"
5UiIjFA6JUdhpEgGD7BTma,5UiIjFA6JUdhpEgGD7BTma,rap metalcore,0,324,No 1 Left Standing,0,0,0,0,8,,-726.523438,-1050.587524,10,"#df89ff"
5PbiZVQoB8efOeulRH96gl,5PbiZVQoB8efOeulRH96gl,rap metalcore,11,372,Bagga Bownz,0,0,0,0,8,,-847.029785,-1080.287231,10,"#df89ff"
0vxSpksL2Sxx4i9SMjQS5t,0vxSpksL2Sxx4i9SMjQS5t,"alternative metalcore, rap metalcore",1,427,Haloburn,0,0,0,0,8,,-262.624512,-1278.541992,10,"#df89ff"
2vr4TSLEAOhgHX0YNltU72,2vr4TSLEAOhgHX0YNltU72,"alternative metalcore, rap metalcore",0,249,Sickle,5,0.436782,0.525146,402.965975,8,,-25.78565,-1018.894531,13.114078,"#df89ff"
1IHg7SNOnJKIUcgZ7DhMXg,1IHg7SNOnJKIUcgZ7DhMXg,alternative metalcore,0,175,Catatonik,0,0,0,0,8,,-97.15892,-645.895996,10,"#df89ff"
04kf1zWv1mG2eOX0RXqmn5,04kf1zWv1mG2eOX0RXqmn5,"alternative metalcore, hard alternative",0,316,Fluwid,0,0,0,0,8,,-118.641747,-1211.00769,10,"#df89ff"
728rJeGJQWS0RVIQbCCoQK,728rJeGJQWS0RVIQbCCoQK,alternative metalcore,1,336,Lunatic Candy Kreep,0,0,0,0,8,,4.471725,-1402.45813,10,"#df89ff"
2CgOyP2qQ8zBCDmV1tW2DC,2CgOyP2qQ8zBCDmV1tW2DC,,0,143,Cellcyst,0,0,0,0,8,,17.07769,-645.71936,10,"#df89ff"
