Id,Label,d3,d2,d1,d0,clustering,Eccentricity,closnesscentrality,harmonicclosnesscentrality,betweenesscentrality,modularity_class,Filter,X,Y,Size,Color
06HL4z0CvFAxyc27GXpf02,06HL4z0CvFAxyc27GXpf02,pop,100,110764501,Taylor Swift,0.373684,3,0.366175,0.392302,145.583364,0,,-254.50174,188.676727,11.590098,"#73c000"
0C8ZW7ezQVs4URX5aX7Kqx,0C8ZW7ezQVs4URX5aX7Kqx,"pop, post-teen pop",79,49330906,Selena Gomez,0.378307,5,0.299873,0.345162,1084.791879,0,,-385.463196,384.995056,21.848373,"#73c000"
1McMsnEElThX1knmY4oliG,1McMsnEElThX1knmY4oliG,pop,86,36034194,Olivia Rodrigo,0.252632,4,0.372828,0.408722,3011.600386,1,,37.423988,-47.380772,42.893467,"#df89ff"
6jJ0s89eD6GaHleKKya26X,6jJ0s89eD6GaHleKKya26X,pop,81,33120281,Katy Perry,0.309117,6,0.279787,0.331427,910.118106,3,,-703.77594,196.235611,19.940542,"#4c463e"
66CXWjxzNUsdJxJ2JdwvnR,66CXWjxzNUsdJxJ2JdwvnR,pop,90,96443739,Ariana Grande,0.310277,5,0.340303,0.375318,1505.638577,0,,-334.309692,83.974289,26.444967,"#73c000"
6KImCVD70vtIoJWnq6nGn3,6KImCVD70vtIoJWnq6nGn3,pop,82,32074672,Harry Styles,0.307692,4,0.35569,0.389831,2957.511394,0,,-162.40831,291.628021,42.302692,"#73c000"
4nDoRrQiYLoBzwC5BhVJzF,4nDoRrQiYLoBzwC5BhVJzF,"dance pop, pop",78,32958795,Camila Cabello,0.355914,6,0.294264,0.340784,564.699473,0,,-414.936035,434.412537,16.167791,"#73c000"
4AK6F7OLvEQ5QYCBNiQWHq,4AK6F7OLvEQ5QYCBNiQWHq,"boy band, pop, post-teen pop, talent show",81,34965207,One Direction,0.411255,5,0.321088,0.361829,2072.255721,0,,-312.271149,617.000305,32.633705,"#73c000"
6S2OmqARrzebs0tKUEyXyp,6S2OmqARrzebs0tKUEyXyp,"pop, post-teen pop",74,26356475,Demi Lovato,0.3,6,0.264722,0.324929,933.855816,0,,-564.117676,473.825714,20.199812,"#73c000"
6JL8zeS1NmiOftqZTRgdTz,6JL8zeS1NmiOftqZTRgdTz,"hip pop, pop",75,14918886,Meghan Trainor,0.339947,7,0.26502,0.327613,1004.890988,0,,-547.252625,346.919952,20.975676,"#73c000"
74KM79TiuVKeVCqs8QtB0B,74KM79TiuVKeVCqs8QtB0B,pop,84,8452800,Sabrina Carpenter,0.206522,5,0.360031,0.403107,6494.425164,2,true,209.555161,323.251343,80.933769,"#ff5584"
5YGY8feqx7naU7z4HrwZM6,5YGY8feqx7naU7z4HrwZM6,pop,81,23909020,Miley Cyrus,0.266667,6,0.267271,0.327401,858.168389,3,,-686.985657,247.695007,19.373135,"#4c463e"
7n2wHs1TKAczGzO7Dd2rGr,7n2wHs1TKAczGzO7Dd2rGr,"canadian pop, pop, viral pop",79,42602407,Shawn Mendes,0.345161,6,0.290104,0.336758,363.526419,0,,-403.122528,589.169067,13.970529,"#73c000"
6M2wZ9GZgrQXHCFfjv46we,6M2wZ9GZgrQXHCFfjv46we,"dance pop, pop, uk pop",87,43403884,Dua Lipa,0.343305,5,0.321745,0.360593,2033.984502,0,,-481.329315,227.64325,32.215698,"#73c000"
1uNFoZAHBGtllmzznpCI3s,1uNFoZAHBGtllmzznpCI3s,"canadian pop, pop",86,75022387,Justin Bieber,0.395238,5,0.315719,0.357768,764.079247,0,,-535.251892,587.367493,18.345469,"#73c000"
00FQb4jTyendYWaN8pK0wa,00FQb4jTyendYWaN8pK0wa,"art pop, pop",88,35215662,Lana Del Rey,0.270751,5,0.342029,0.3881,2396.781279,1,,273.267365,-713.360046,36.178253,"#df89ff"
26VFTg2z8YR0cCuwLzESi2,26VFTg2z8YR0cCuwLzESi2,"electropop, etherpop, indie poptimism, pop",78,21450056,Halsey,0.319355,6,0.295554,0.346716,1441.725504,0,,-316.695465,366.196777,25.746895,"#73c000"
6qqNVTkY8uBg9cP3Jd7DAH,6qqNVTkY8uBg9cP3Jd7DAH,"art pop, pop",90,94303576,Billie Eilish,0.288095,5,0.359756,0.394739,1495.296866,1,,-193.282974,-128.190186,26.332014,"#df89ff"
6VuMaDnrHyPL1p4EHjYLi7,6VuMaDnrHyPL1p4EHjYLi7,"pop, viral pop",78,22644063,Charlie Puth,0.31339,6,0.280285,0.339407,582.584619,0,,-497.882538,637.851929,16.363136,"#73c000"
5ZsFI1h6hIdQRw2ti0hz81,5ZsFI1h6hIdQRw2ti0hz81,"pop, uk pop",74,22897195,ZAYN,0.381538,5,0.30432,0.346645,626.97077,0,,-287.263794,585.854553,16.847935,"#73c000"
4Uc8Dsxct0oMqx0P6i60ea,4Uc8Dsxct0oMqx0P6i60ea,"bedroom pop, pop, pov: indie",76,9619521,Conan Gray,0.166667,6,0.316354,0.362677,8240.056939,1,true,372.248535,-432.173035,100,"#df89ff"
6dJeKm76NjfXBNTpHmOhfO,6dJeKm76NjfXBNTpHmOhfO,pop,64,9640776,Selena Gomez & The Scene,0.151515,6,0.255273,0.30685,791.544513,2,,-295.655151,847.52179,18.645451,"#ff5584"
1l8Fu6IkuTP0U5QetQJ5Xt,1l8Fu6IkuTP0U5QetQJ5Xt,"girl group, pop, talent show",65,16076780,Fifth Harmony,0.309269,7,0.262222,0.324011,1026.617046,0,,-439.045044,504.667694,21.212975,"#73c000"
4Rxn7Im3LGfyRkY2FlHhWi,4Rxn7Im3LGfyRkY2FlHhWi,"dance pop, pop",60,9853920,Nick Jonas,0.289247,6,0.267877,0.323129,1315.025244,0,,-338.003204,705.984863,24.363041,"#73c000"
64M6ah0SkkRsnPGtGiRAbb,64M6ah0SkkRsnPGtGiRAbb,"dance pop, pop",77,9077761,Bebe Rexha,0.265244,6,0.289393,0.342832,2918.396187,0,,-479.057159,399.441315,41.875469,"#73c000"
1zNqDE7qDGCsyzJwohVaoX,1zNqDE7qDGCsyzJwohVaoX,pop,75,11838088,Anne-Marie,0.308468,6,0.278302,0.33065,537.977746,0,,-493.75589,537.196777,15.87593,"#73c000"
3e7awlrlDSwF3iM0WBjGMp,3e7awlrlDSwF3iM0WBjGMp,"girl group, pop, talent show, uk pop",70,11858006,Little Mix,0.291331,6,0.269253,0.325141,1007.167994,0,,-350.325745,519.583984,21.000546,"#73c000"
1Xylc3o4UrD53lo9CvFvVg,1Xylc3o4UrD53lo9CvFvVg,"pop, scandipop, swedish electropop, swedish pop",74,10415413,Zara Larsson,0.253782,6,0.277974,0.32726,782.991722,0,,-486.00116,473.807404,18.552036,"#73c000"
5p7f24Rk5HkUZsaS3BLG5F,5p7f24Rk5HkUZsaS3BLG5F,pop,65,8786542,Hailee Steinfeld,0.280952,6,0.273306,0.328637,1204.235117,0,,-215.682953,536.344238,23.152962,"#73c000"
2wUjUUtkb5lvLKcGKsKqsR,2wUjUUtkb5lvLKcGKsKqsR,"canadian contemporary r&b, canadian pop, pop",69,11760899,Alessia Cara,0.297701,7,0.273782,0.332592,850.181772,0,,-286.538055,467.688904,19.285902,"#73c000"
6sCbFbEjbYepqswM1vWjjs,6sCbFbEjbYepqswM1vWjjs,"pop, post-teen pop",66,4647182,Zendaya,0.154839,6,0.244813,0.289619,1731.90628,2,,64.229408,893.076355,28.916323,"#ff5584"
45dkTj5sMRSjrmBSBeiHym,45dkTj5sMRSjrmBSBeiHym,pop,81,5326125,Tate McRae,0.1,5,0.332629,0.374435,1739.825829,6,,315.873383,179.336838,29.002821,"#00bd94"
2kRfqPViCqYdSGhYSM9R0Q,2kRfqPViCqYdSGhYSM9R0Q,pop,72,6541475,Madison Beer,0.227273,6,0.32755,0.377825,1839.40446,0,,91.207314,306.20166,30.090445,"#73c000"
5cj0lLjcoR7YOSnhnX0Po5,5cj0lLjcoR7YOSnhnX0Po5,"dance pop, pop",84,29856668,Doja Cat,0.148221,5,0.339324,0.378107,5130.262802,1,,-132.407562,-429.624359,66.034042,"#df89ff"
4tuJ0bMpJh08umKkEXKUI5,4tuJ0bMpJh08umKkEXKUI5,alt z,73,1790904,Gracie Abrams,0.090909,6,0.302177,0.349929,1602.92604,7,true,548.703003,6.438036,27.507566,"#ff8805"
2W8yFh0Ga6Yf3jiayVxwkE,2W8yFh0Ga6Yf3jiayVxwkE,pop,67,4938480,Dove Cameron,0.13,6,0.274419,0.313983,1670.529009,2,,303.112885,842.036743,28.245945,"#ff5584"
63yrD80RY3RNEM2YDpUpO8,63yrD80RY3RNEM2YDpUpO8,"alt z, electropop, pop",79,20192056,Melanie Martinez,0.199134,6,0.301983,0.345516,1739.081674,1,,396.22348,-696.485718,28.994694,"#df89ff"
4VdV2qRAYBLINR6uU72V1J,4VdV2qRAYBLINR6uU72V1J,singer-songwriter pop,56,1071657,Joshua Bassett,0.021429,6,0.277158,0.318821,1443.860146,7,,723.652954,392.006561,25.770208,"#ff8805"
7tYKF4w9nC0nq9CsPZTHyP,7tYKF4w9nC0nq9CsPZTHyP,"pop, r&b, rap",88,20062292,SZA,0.052536,6,0.265318,0.302613,1480.324814,1,,-94.966347,-771.161438,26.168484,"#df89ff"
3uwAm6vQy7kWPS2bciKWx9,3uwAm6vQy7kWPS2bciKWx9,"bedroom pop, indie pop, norwegian indie, pov: indie",72,7183366,girl in red,0.212251,7,0.257923,0.307188,1858.847424,1,,531.512024,-821.096252,30.302805,"#df89ff"
26dSoYclwsYLMAKD3tpOr4,26dSoYclwsYLMAKD3tpOr4,"dance pop, pop",78,14447706,Britney Spears,0.223077,7,0.236355,0.290401,498.953497,3,,-974.694824,40.450577,15.449697,"#4c463e"
1HY2Jd0NmPuamShAr6KMms,1HY2Jd0NmPuamShAr6KMms,"art pop, dance pop, pop",82,29878543,Lady Gaga,0.330952,6,0.272517,0.321257,383.35336,3,,-925.506042,114.702431,14.187083,"#4c463e"
6LqNN22kT3074XbTVUrhzX,6LqNN22kT3074XbTVUrhzX,"dance pop, pop",76,7840105,Kesha,0.184659,7,0.24494,0.296403,1292.705339,3,,-835.969727,68.009987,24.119257,"#4c463e"
0p4nmQO2msCgU4IF37Wi3j,0p4nmQO2msCgU4IF37Wi3j,"canadian pop, candy pop, dance pop, pop",73,10868393,Avril Lavigne,0.194805,7,0.216812,0.270147,371.135921,3,,-1023.397339,138.407089,14.053641,"#4c463e"
2gsggkzM5R49q6jpPvazou,2gsggkzM5R49q6jpPvazou,"dance pop, pop",68,11589013,Jessie J,0.25,7,0.257783,0.313312,892.899414,3,,-840.700745,257.17511,19.752476,"#4c463e"
3BmGtnKgCSGYIUhmivXKWX,3BmGtnKgCSGYIUhmivXKWX,"dance pop, pop, talent show",70,10377242,Kelly Clarkson,0.170635,8,0.210997,0.262566,747.560137,3,,-1074.976318,153.983383,18.165043,"#4c463e"
1l7ZsJRRS8wlW3WfJfPfNS,1l7ZsJRRS8wlW3WfJfPfNS,"dance pop, pop",75,8196361,Christina Aguilera,0.199507,8,0.225729,0.27502,370.312821,3,,-1025.522339,64.629234,14.044651,"#4c463e"
0X2BH1fck6amBIoJhDVmmJ,0X2BH1fck6amBIoJhDVmmJ,"indietronica, metropopolis, pop, uk pop",76,12365672,Ellie Goulding,0.272167,7,0.278795,0.336582,945.285003,3,,-682.242371,353.220337,20.324642,"#4c463e"
1KCSPY1glIKqW2TotWuXOR,1KCSPY1glIKqW2TotWuXOR,"dance pop, pop",78,16575183,P!nk,0.186594,7,0.22736,0.277406,389.866561,3,,-1084.655884,199.10907,14.258222,"#4c463e"
5WUlDfRSoLAfcVSX1WnrxN,5WUlDfRSoLAfcVSX1WnrxN,"australian dance, australian pop, pop",82,27857275,Sia,0.34585,6,0.298357,0.346963,1133.889393,3,,-729.341492,297.031982,22.384628,"#4c463e"
0hCNtLu0JehylgoiP8L4Gh,0hCNtLu0JehylgoiP8L4Gh,"hip pop, pop, queens hip hop, rap",83,31151096,Nicki Minaj,0.12619,6,0.285714,0.329308,2006.950831,1,,-612.388672,-345.572662,31.920429,"#df89ff"
4kYSro6naA4h99UJvo89HB,4kYSro6naA4h99UJvo89HB,"pop, rap",77,23791933,Cardi B,0.073123,6,0.275219,0.313383,673.138713,1,,-512.95697,-446.921112,17.352192,"#df89ff"
5pKCCKE2ajJHZ9KAiaK11H,5pKCCKE2ajJHZ9KAiaK11H,"barbadian pop, pop, urban contemporary",87,59978476,Rihanna,0.195652,6,0.274419,0.323729,349.281864,3,,-820.267212,-70.686584,13.814945,"#4c463e"
57WHJIHrjOE3iAxpihhMnp,57WHJIHrjOE3iAxpihhMnp,pop,63,7051575,Louis Tomlinson,0.321429,5,0.295184,0.334993,308.777529,0,,-126.25473,667.395508,13.372547,"#73c000"
1Hsdzj7Dlq2I7tHP7501T4,1Hsdzj7Dlq2I7tHP7501T4,pop,72,9850759,Niall Horan,0.319048,5,0.290819,0.330579,653.44319,0,,-167.235687,684.313782,17.137074,"#73c000"
5pUo3fmmHT8bhCyHE52hA6,5pUo3fmmHT8bhCyHE52hA6,pop,60,10030042,Liam Payne,0.393939,5,0.298923,0.340996,563.090023,0,,-233.909973,662.276611,16.150213,"#73c000"
5Rl15oVamLq7FbSb0NNBNy,5Rl15oVamLq7FbSb0NNBNy,"boy band, pop",73,9900763,5 Seconds of Summer,0.306159,5,0.302953,0.345268,1519.633923,0,,-127.215332,597.811401,26.597828,"#73c000"
7gOdHgIoIKoe4i9Tta6qdD,7gOdHgIoIKoe4i9Tta6qdD,"boy band, pop",72,7550331,Jonas Brothers,0.260215,6,0.266667,0.320374,743.685841,0,,-319.930084,763.307312,18.122726,"#73c000"
3WGpXCj9YhhfX11TToZcXP,3WGpXCj9YhhfX11TToZcXP,"australian pop, pop, viral pop",74,8134814,Troye Sivan,0.119048,6,0.311346,0.360487,3396.431081,6,true,55.093086,212.744263,47.096687,"#00bd94"
7gAppWoH7pcYmphCVTXkzs,7gAppWoH7pcYmphCVTXkzs,"boy band, pop",62,5801501,The Vamps,0.193548,6,0.250531,0.295975,869.872946,0,,-123.096077,728.913757,19.500973,"#73c000"
5CCwRZC6euC8Odo6y9X8jr,5CCwRZC6euC8Odo6y9X8jr,"dance pop, pop, uk pop",69,8270127,Rita Ora,0.265121,7,0.259769,0.314901,758.422688,0,,-593.059082,415.857635,18.283686,"#73c000"
4npEfmQ6YuiwW1GpUmaq3F,4npEfmQ6YuiwW1GpUmaq3F,pop,77,6798992,Ava Max,0.290476,6,0.323953,0.36875,2973.861001,0,true,-410.10434,339.427643,42.48127,"#73c000"
4IWBUUAFIplrNtaOHcJPRM,4IWBUUAFIplrNtaOHcJPRM,"pop, talent show, uk pop",78,16872152,James Arthur,0.197619,6,0.278466,0.326201,508.046561,0,,-484.904388,731.608276,15.549015,"#73c000"
7nU4hB040gTmHm45YYMvqc,7nU4hB040gTmHm45YYMvqc,"pop, post-teen pop",59,4688598,Hannah Montana,0.059783,7,0.205844,0.248073,509.410575,2,,-169.34053,999.533997,15.563912,"#ff5584"
5yG7ZAZafVaAlMTeBybKAL,5yG7ZAZafVaAlMTeBybKAL,"australian hip hop, dance pop, pop",65,6508997,Iggy Azalea,0.160969,7,0.27299,0.323699,2709.840848,3,true,-737.217163,11.398738,39.597572,"#4c463e"
7bp2lSdh12wcA8LyB1srfJ,7bp2lSdh12wcA8LyB1srfJ,pop,63,3584186,Sofia Carson,0.127706,7,0.223485,0.263206,632.949308,2,,301.212311,990.825195,16.913233,"#ff5584"
2hUYKu1x0UZQXvzCmggvSn,2hUYKu1x0UZQXvzCmggvSn,"alt z, singer-songwriter pop",69,840089,Reneé Rapp,0.033333,6,0.281455,0.323234,1105.772231,7,,663.512573,10.040649,22.077526,"#ff8805"
4UxLFBvSr4xMDpHe1lrLrH,4UxLFBvSr4xMDpHe1lrLrH,post-teen pop,56,1021233,Ross Lynch,0.125541,7,0.223485,0.263206,570.244195,2,,370.433075,1005.870056,16.228354,"#ff5584"
7pwufEBGfggjoI8twqlsmQ,7pwufEBGfggjoI8twqlsmQ,"alt z, social media pop",62,1297434,Nessa Barrett,0.036797,6,0.278302,0.324082,1560.220466,7,,607.305298,191.709152,27.041126,"#ff8805"
188VINPQh5dyNfLUkevKqf,188VINPQh5dyNfLUkevKqf,post-teen pop,42,1112819,Olivia Holt,0.108696,7,0.199746,0.241561,690.350592,2,,256.216461,1033.396118,17.540184,"#ff5584"
2DlGxzQSjYe5N6G9nkYghR,2DlGxzQSjYe5N6G9nkYghR,"dance pop, pop, urban contemporary",73,12900886,Jennifer Lopez,0.137681,8,0.224228,0.270606,346.567172,3,,-1035.066528,-65.914711,13.785295,"#4c463e"
6MDME20pz9RveH9rEXvrOM,6MDME20pz9RveH9rEXvrOM,"pop, uk dance, uk funky",71,5411457,Clean Bandit,0.168478,7,0.26864,0.316001,1495.100301,5,,-683.741455,520.265869,26.329868,"#00c4ff"
7vk5e3vY1uw9plTHJAMwjN,7vk5e3vY1uw9plTHJAMwjN,electro house,78,38557634,Alan Walker,0.144737,6,0.277647,0.324364,240.004872,5,,-725.471985,749.476685,12.621394,"#00c4ff"
6eUKZXaKkcviH0Ku9w2n3V,6eUKZXaKkcviH0Ku9w2n3V,"pop, singer-songwriter pop, uk pop",84,114064646,Ed Sheeran,0.202632,6,0.291178,0.339972,216.168457,0,,-797.521484,553.361023,12.361047,"#73c000"
04gDigrS5kc9YWfZHwBETP,04gDigrS5kc9YWfZHwBETP,pop,82,41473867,Maroon 5,0.088745,7,0.261351,0.320869,512.886981,3,,-927.999756,567.442627,15.601882,"#4c463e"
77SW9BnxLY8rJ0RciFqkHh,77SW9BnxLY8rJ0RciFqkHh,"modern alternative rock, modern rock, pop",81,16315397,The Neighbourhood,0.235178,6,0.285024,0.333792,1822.231628,1,,384.377625,-841.484375,29.902878,"#df89ff"
2uYWxilOVlUdk4oV9DvwqK,2uYWxilOVlUdk4oV9DvwqK,"brooklyn indie, pov: indie",81,7828508,Mitski,0.206349,8,0.220149,0.272609,1361.077647,1,,571.650146,-948.787842,24.866037,"#df89ff"
1QAJqy2dA3ihHBFIHRphZj,1QAJqy2dA3ihHBFIHRphZj,"ambient pop, dream pop, el paso indie, shoegaze",80,11105854,Cigarettes After Sex,0.246753,7,0.26354,0.315839,146.454858,1,,459.002136,-1037.453613,11.599617,"#df89ff"
0Y6dVaC9DZtPNH4591M42W,0Y6dVaC9DZtPNH4591M42W,pov: indie,79,6372712,TV Girl,0.153439,9,0.184881,0.23565,498.626063,1,,537.814087,-1089.331177,15.446121,"#df89ff"
7Ln80lUS6He07XvHI8qqHH,7Ln80lUS6He07XvHI8qqHH,"garage rock, modern rock, permanent wave, rock, sheffield indie",83,24681143,Arctic Monkeys,0.161905,6,0.283995,0.331674,905.347279,1,,395.911224,-1068.787842,19.888435,"#df89ff"
6CwfuxIqcltXDGjfZsMd9A,6CwfuxIqcltXDGjfZsMd9A,"metropopolis, pop, pov: indie, uk alternative pop",69,5416454,MARINA,0.114625,7,0.239594,0.283197,1121.654796,1,,495.743439,-698.364746,22.250999,"#df89ff"
7cYEt1pqMgXJdq00hAwVpT,7cYEt1pqMgXJdq00hAwVpT,alternative r&b,76,7231335,Chase Atlantic,0.202381,6,0.294081,0.343291,920.750636,1,,438.129181,-803.434753,20.056673,"#df89ff"
1U1el3k54VvEUzo3ybLPlM,1U1el3k54VvEUzo3ybLPlM,colombian pop,81,7154210,Kali Uchis,0.108225,7,0.22758,0.278894,934.802466,1,,220.819229,-990.938171,20.210152,"#df89ff"
3l0CmX0FuQjFxr8SK7Vqag,3l0CmX0FuQjFxr8SK7Vqag,"bedroom pop, indie pop, pov: indie",74,4756002,Clairo,0.165517,8,0.213478,0.263756,1039.2703,1,,495.808014,-945.687805,21.351173,"#df89ff"
163tK9Wjr9P9DmM0AVK7lm,163tK9Wjr9P9DmM0AVK7lm,"art pop, metropopolis, nz pop, pop",72,9950457,Lorde,0.02619,6,0.277321,0.325742,1599.376064,5,,-51.226276,-279.368378,27.468794,"#00c4ff"
35l9BRT7MXmM8bv2WDQiyB,35l9BRT7MXmM8bv2WDQiyB,"bedroom pop, bubblegrunge, indie pop, pov: indie",74,3501664,beabadoobee,0.12963,8,0.208573,0.256023,969.950456,1,,606.656372,-1013.025879,20.594048,"#df89ff"
3Sz7ZnJQBIHsXLUSo0OQtM,3Sz7ZnJQBIHsXLUSo0OQtM,"edmonton indie, lo-fi indie, pov: indie, slacker rock",77,5821751,Mac DeMarco,0.146667,9,0.186047,0.2413,1042.68958,1,,496.39566,-1160.181396,21.388521,"#df89ff"
3yY2gUcIsjMr8hjo51PoJ8,3yY2gUcIsjMr8hjo51PoJ8,"madchester, new wave, permanent wave, rock, uk post-punk",75,5685651,The Smiths,0.029644,10,0.158762,0.207609,1425.142664,4,true,555.945679,-1407.30249,25.565773,"#d3b3b0"
0ZED1XzwlLHW4ZaG4lOT6m,0ZED1XzwlLHW4ZaG4lOT6m,pop,70,5038401,Julia Michaels,0.155385,6,0.266968,0.317726,858.238024,0,,-91.820435,474.701202,19.373894,"#73c000"
4NHQUGzhtTLFvgF5SZesLK,4NHQUGzhtTLFvgF5SZesLK,"dance pop, metropopolis, pop, swedish electropop, swedish pop, swedish synthpop",69,3557176,Tove Lo,0.146245,7,0.275379,0.328289,2177.66891,5,true,-384.506653,121.028618,33.785057,"#00c4ff"
3LjhVl7GzYsza1biQjTpaN,3LjhVl7GzYsza1biQjTpaN,"alt z, indie poptimism, pop",55,1656400,Hayley Kiyoko,0.028139,7,0.269099,0.315007,1215.238527,5,,187.362228,18.402824,23.273144,"#00c4ff"
1o2NpYGqHiCq7FoiYdyd1x,1o2NpYGqHiCq7FoiYdyd1x,"alt z, pop, talent show",62,3108812,Bea Miller,0.0671,6,0.27236,0.321787,1337.983445,5,,139.251663,377.358337,24.613796,"#00c4ff"
1Xyo4u8uXC1ZmMpatF05PJ,1Xyo4u8uXC1ZmMpatF05PJ,"canadian contemporary r&b, canadian pop, pop",92,83639801,The Weeknd,0.092857,5,0.324176,0.36589,726.383795,1,,18.929752,-675.533752,17.93375,"#df89ff"
4dpARuHxo51G3z768sgnrY,4dpARuHxo51G3z768sgnrY,"british soul, pop, pop soul, uk pop",81,55389062,Adele,0.257143,6,0.279787,0.329908,666.749928,3,,-892.367249,266.347443,17.282413,"#4c463e"
2wY79sveU1sp5g7SokKOiI,2wY79sveU1sp5g7SokKOiI,"pop, uk pop",80,23657204,Sam Smith,0.166008,7,0.267574,0.321575,481.409067,0,,-735.160034,566.15094,15.258072,"#73c000"
69GGBxA162lTqCwzJG5jLp,69GGBxA162lTqCwzJG5jLp,pop,79,20103930,The Chainsmokers,0.085145,7,0.251733,0.298588,965.974952,5,,-850.902466,729.31604,20.550625,"#00c4ff"
5JZ7CnR6gTvEMKX4g70Amv,5JZ7CnR6gTvEMKX4g70Amv,pop,72,6172275,Lauv,0.066667,6,0.260055,0.306356,805.290483,6,,195.104263,500.192017,18.795588,"#00bd94"
4GvEc3ANtPPjt1ZJllr5Zl,4GvEc3ANtPPjt1ZJllr5Zl,pop,67,5444600,Bazzi,0.090909,7,0.259483,0.308969,699.873168,6,,82.473656,492.007782,17.644194,"#00bd94"
0ZUvK7zGdXLd78mQr3t1Tw,0ZUvK7zGdXLd78mQr3t1Tw,"la indie, pop, pov: indie",66,1832719,Ricky Montgomery,0.116883,7,0.248421,0.292534,1655.055594,1,,728.882446,-876.567017,28.076939,"#df89ff"
2hR4h1Cao2ueuI7Cx9c7V8,2hR4h1Cao2ueuI7Cx9c7V8,"bedroom pop, indie pop, pov: indie",67,4087996,Cavetown,0.118462,8,0.208205,0.250974,740.994815,1,,712.798218,-819.49762,18.093334,"#df89ff"
0HthCchcL0kVLHTr113Vk1,0HthCchcL0kVLHTr113Vk1,"alt z, bedroom pop, indie pop, pov: indie",61,1919477,mxmtoon,0.571429,0,0,0,0,1,,596.024841,-791.154114,10,"#df89ff"
0NIPkIjTV8mB795yEIiPYL,0NIPkIjTV8mB795yEIiPYL,pov: indie,70,2710620,Wallows,0.833333,0,0,0,0,1,,473.938599,-765.754395,10,"#df89ff"
37M5pPGs6V1fchFJSgCguX,37M5pPGs6V1fchFJSgCguX,"alt z, la indie, pop, pov: indie",63,1949295,FINNEAS,0.666667,0,0,0,0,7,,378.677673,-99.179253,10,"#ff8805"
2vnB6tuQMaQpORiRdvXF9H,2vnB6tuQMaQpORiRdvXF9H,"bubblegrunge, chicago indie, indie pop, pov: indie",66,1423177,Beach Bunny,0.595238,0,0,0,0,1,,623.030212,-806.229553,10,"#df89ff"
5IH6FPUwQTxPSXurCrcIov,5IH6FPUwQTxPSXurCrcIov,"alt z, pop, pov: indie",73,5044666,Alec Benjamin,0.5,0,0,0,0,6,,402.586884,-156.962616,10,"#00bd94"
6P5NO5hzJbuOqSdyPB7SJM,6P5NO5hzJbuOqSdyPB7SJM,alt z,65,1568188,Ashe,0.3,0,0,0,0,7,,347.695831,265.758087,10,"#ff8805"
0e86yPdC41PGRkLp2Q1Bph,0e86yPdC41PGRkLp2Q1Bph,"canadian indie rock, pov: indie, vancouver indie",69,3987690,Mother Mother,0.638889,0,0,0,0,1,,561.825684,-768.059326,10,"#df89ff"
1r1uxoy19fzMxunt3ONAkG,1r1uxoy19fzMxunt3ONAkG,"indie pop, la indie, pov: indie",74,2368883,Phoebe Bridgers,0.375,0,0,0,0,1,,510.886627,-554.996338,10,"#df89ff"
6G9bygHlCyPgNGxK2l3YdE,6G9bygHlCyPgNGxK2l3YdE,"dance pop, pop, post-teen pop",58,1950805,Vanessa Hudgens,0.65,0,0,0,0,2,,-203.640854,944.944519,10,"#ff5584"
2ddxtfC0oS8LoktXUHE7YL,2ddxtfC0oS8LoktXUHE7YL,"dance pop, pop, post-teen pop",48,1328807,Ashley Tisdale,1,0,0,0,0,2,,-242.665115,1052.296997,10,"#ff5584"
3SYGWAHCe31oykdeUPpoJp,3SYGWAHCe31oykdeUPpoJp,post-teen pop,42,1232052,Miranda Cosgrove,0.416667,0,0,0,0,2,,-10.735417,1038.338501,10,"#ff5584"
7rPQ2z1ji1ctJ6oGYBAo6M,7rPQ2z1ji1ctJ6oGYBAo6M,post-teen pop,38,769174,Emily Osment,0.333333,0,0,0,0,2,,-47.82296,1064.75061,10,"#ff5584"
2S9W9aSAd7e5mp8WqWxN2h,2S9W9aSAd7e5mp8WqWxN2h,"dance pop, pop, post-teen pop",52,2331807,Hilary Duff,0.5,0,0,0,0,3,,-862.526794,354.437256,10,"#4c463e"
7gbmX8SsfjEjxDMzBi1ZOL,7gbmX8SsfjEjxDMzBi1ZOL,"pop, post-teen pop",53,1688704,Joe Jonas,0.535714,0,0,0,0,0,,-174.878403,878.091553,10,"#73c000"
58AqJv0sDFPFnnBcLT8eeX,58AqJv0sDFPFnnBcLT8eeX,post-teen pop,39,1105539,Bella Thorne,0.666667,0,0,0,0,2,,196.848373,988.62915,10,"#ff5584"
4vRSocKbGh7PsQrYRDVMEF,4vRSocKbGh7PsQrYRDVMEF,"dance pop, post-teen pop",42,1061833,Lindsay Lohan,0.333333,0,0,0,0,2,,-553.775269,782.876099,10,"#ff5584"
6dse9FDodKw65ZQoLjE5F1,6dse9FDodKw65ZQoLjE5F1,post-teen pop,28,711184,Nick Jonas & The Administration,0.75,0,0,0,0,2,,-289.293091,947.26593,10,"#ff5584"
4ntkql3f3ect7NDRUJ7aAY,4ntkql3f3ect7NDRUJ7aAY,"girl group, movie tunes, post-teen pop",44,833196,The Cheetah Girls,1,0,0,0,0,2,,-228.253677,1053.828003,10,"#ff5584"
1KYszkVzlhV3rAqmAcYIgd,1KYszkVzlhV3rAqmAcYIgd,post-teen pop,55,2012186,Victorious Cast,0.5,0,0,0,0,2,,126.431778,1004.722168,10,"#ff5584"
3AoFRPmkjP1WTi2Zu7gbZV,3AoFRPmkjP1WTi2Zu7gbZV,post-teen pop,20,645980,Jennette McCurdy,0.4,0,0,0,0,2,,58.813866,1009.675415,10,"#ff5584"
3J0BpFVUc9LeOIVeN5uNhU,3J0BpFVUc9LeOIVeN5uNhU,r&b,49,1278770,Lauren Jauregui,0,0,0,0,0,5,,-73.293884,209.617722,10,"#00c4ff"
6T5tfhQCknKG4UnH90qGnz,6T5tfhQCknKG4UnH90qGnz,"dance pop, pop",65,4522464,DNCE,0.598485,0,0,0,0,0,,-225.213974,707.857727,10,"#73c000"
4m4SfDVbF5wxrwEjDKgi4k,4m4SfDVbF5wxrwEjDKgi4k,"dance pop, pop, post-teen pop, talent show",56,2590031,Cher Lloyd,0.690476,0,0,0,0,3,,-611.786499,281.132568,10,"#4c463e"
04abdnqPQe2N4fjztDea6z,04abdnqPQe2N4fjztDea6z,"pop, post-teen pop",53,1927914,Austin Mahone,1,0,0,0,0,0,,-201.893814,844.653564,10,"#73c000"
6Dd3NScHWwnW6obMFbl1BH,6Dd3NScHWwnW6obMFbl1BH,"alt z, pop",70,1605083,Daya,0.622222,0,0,0,0,0,,-279.241211,396.090332,10,"#73c000"
1MIVXf74SZHmTIp4V4paH4,1MIVXf74SZHmTIp4V4paH4,"pop, uk pop",63,1997274,Mabel,0.904762,0,0,0,0,0,,-586.94751,524.533142,10,"#73c000"
25uiPmTg16RbhZWAqwLBy5,25uiPmTg16RbhZWAqwLBy5,"art pop, candy pop, metropopolis, pop, uk pop",74,3150943,Charli XCX,0.388889,0,0,0,0,3,,-262.360077,-34.248451,10,"#4c463e"
4ScCswdRlyA23odg9thgIO,4ScCswdRlyA23odg9thgIO,"dance pop, pop, uk pop",70,3033723,Jess Glynne,1,0,0,0,0,0,,-645.228333,568.56073,10,"#73c000"
1HBjj22wzbscIZ9sEb5dyf,1HBjj22wzbscIZ9sEb5dyf,"pop, pop dance, tropical house, uk dance",71,3733474,Jonas Blue,0.6,0,0,0,0,5,,-710.862854,650.711487,10,"#00c4ff"
3whuHq0yGx60atvA2RCVRW,3whuHq0yGx60atvA2RCVRW,"dance pop, pop, talent show, uk pop",62,3185658,Olly Murs,1,0,0,0,0,0,,-578.763916,566.226685,10,"#73c000"
1BhWF9W2PngtPSyobKg0rP,1BhWF9W2PngtPSyobKg0rP,"dance pop, pop, post-teen pop",54,1945255,Pia Mia,1,0,0,0,0,0,,-648.736938,479.936066,10,"#73c000"
3AVfmawzu83sp94QW7CEGm,3AVfmawzu83sp94QW7CEGm,"alt z, norwegian pop, pop, uk pop",61,1342893,Astrid S,0.666667,0,0,0,0,0,,-27.011713,392.785461,10,"#73c000"
2qxJFvFYMEDqd7ui6kSAcq,2qxJFvFYMEDqd7ui6kSAcq,"complextro, edm, german techno, pop, pop dance",71,5889412,Zedd,0.8,0,0,0,0,5,,-718.649902,460.978424,10,"#00c4ff"
28y6CyJNkGNjJQKrlx4AmN,28y6CyJNkGNjJQKrlx4AmN,pop,55,1686144,HRVY,0.553571,0,0,0,0,0,,-12.080118,641.124084,10,"#73c000"
0uGk2czvcpWQA383Im6ajf,0uGk2czvcpWQA383Im6ajf,"alt z, dark pop, pop",59,2014531,Maggie Lindemann,0.6,0,0,0,0,0,,184.883774,389.837372,10,"#73c000"
1QRj3hoop9Mv5VvHQkwPEp,1QRj3hoop9Mv5VvHQkwPEp,"alt z, pop",62,2031062,Olivia O'Brien,0.428571,0,0,0,0,6,,127.806046,313.313721,10,"#00bd94"
2OTfr6S2kuHRYStjt1IkY6,2OTfr6S2kuHRYStjt1IkY6,post-teen pop,56,940707,Victoria Justice,0.633333,0,0,0,0,2,,204.166534,1038.265015,10,"#ff5584"
2ftL3sXW7KDOBfVda7IXyA,2ftL3sXW7KDOBfVda7IXyA,post-teen pop,29,524811,Debby Ryan,0.633333,0,0,0,0,2,,215.240433,1019.583557,10,"#ff5584"
6SvFyXN6qzhw95Bj4HoevV,6SvFyXN6qzhw95Bj4HoevV,movie tunes,56,679593,China Anne McClain,0.95,0,0,0,0,2,,314.092529,1050.794556,10,"#ff5584"
6oW9KRAZbC1xOlmg2RRyFL,6oW9KRAZbC1xOlmg2RRyFL,"movie tunes, post-teen pop",29,311660,McClain Sisters,0.95,0,0,0,0,2,,328.627319,1014.257324,10,"#ff5584"
6U1dBXJhC8gXFjamvFTmHg,6U1dBXJhC8gXFjamvFTmHg,"hollywood, movie tunes, post-teen pop",65,822329,Zac Efron,0,0,0,0,0,2,,103.758957,1011.80188,10,"#ff5584"
4gWAItIMhYCdD82T8tvv3T,4gWAItIMhYCdD82T8tvv3T,post-teen pop,38,609518,Lucy Hale,0.6,0,0,0,0,2,,187.900742,1079.955444,10,"#ff5584"
1eBGyqw9kLsidL0q2dimWF,1eBGyqw9kLsidL0q2dimWF,"movie tunes, post-teen pop",49,513143,Austin Moon,0.633333,0,0,0,0,2,,217.187759,1055.245728,10,"#ff5584"
1xVYxkSq6IWhFpSW1OMe41,1xVYxkSq6IWhFpSW1OMe41,post-teen pop,38,517339,The Girl and The Dreamcatcher,0.95,0,0,0,0,2,,311.559448,1030.287842,10,"#ff5584"
60wslYioiBcxSTInM4nIy2,60wslYioiBcxSTInM4nIy2,"movie tunes, post-teen pop",55,435680,Jordan Fisher,0.95,0,0,0,0,2,,332.087921,1038.762817,10,"#ff5584"
79AyR6ATpj2LTPxfb6FX50,79AyR6ATpj2LTPxfb6FX50,"alt z, gen z singer-songwriter, singer-songwriter pop",65,1402191,Lauren Spencer Smith,0,0,0,0,0,6,,414.718109,147.989899,10,"#00bd94"
22wbnEMDvgVIAGdFeek6ET,22wbnEMDvgVIAGdFeek6ET,singer-songwriter pop,84,2559694,Benson Boone,0,0,0,0,0,6,,409.95462,161.80423,10,"#00bd94"
2WzaAvm2bBCf4pEhyuDgCY,2WzaAvm2bBCf4pEhyuDgCY,"alt z, canadian contemporary r&b, canadian pop, pop",70,3460804,Ruth B.,0,0,0,0,0,6,,427.725067,184.053085,10,"#00bd94"
3GxKJzJK4LpsYGXQrw77wz,3GxKJzJK4LpsYGXQrw77wz,"alt z, gen z singer-songwriter, uk pop",57,361911,Mimi Webb,0,0,0,0,0,6,,427.602661,155.661026,10,"#00bd94"
2yLzlEFtIS0Q9UkyBZdQA7,2yLzlEFtIS0Q9UkyBZdQA7,"modern country pop, singer-songwriter pop",70,957865,Jessie Murph,0,0,0,0,0,6,,432.398987,169.56311,10,"#00bd94"
4xnihxcoXWK3UqryOSnbw5,4xnihxcoXWK3UqryOSnbw5,alt z,65,1469806,Sasha Alex Sloan,0.3,0,0,0,0,6,,277.538025,264.880463,10,"#00bd94"
3QSQFmccmX81fWCUSPTS7y,3QSQFmccmX81fWCUSPTS7y,"australian pop, pop",72,3132117,Dean Lewis,0,0,0,0,0,6,,-4.113353,453.908295,10,"#00bd94"
0sMAHzxguan2KpnKFZPW2d,0sMAHzxguan2KpnKFZPW2d,"alt z, singer-songwriter pop",59,225024,Sadie Jean,0,0,0,0,0,6,,415.559021,175.387756,10,"#00bd94"
7LImGq5KnzQobZciDJpeJb,7LImGq5KnzQobZciDJpeJb,alt z,54,1183127,Charlotte Lawrence,0.833333,0,0,0,0,0,,98.261703,395.449066,10,"#73c000"
181bsRPaVXVlUKXrxwZfHK,181bsRPaVXVlUKXrxwZfHK,"houston rap, pop, r&b, rap, trap queen",77,9049445,Megan Thee Stallion,0.75,0,0,0,0,1,,-367.504242,-566.263733,10,"#df89ff"
3LZZPxNDGDFVSIPqf4JuEf,3LZZPxNDGDFVSIPqf4JuEf,bronx drill,72,3549549,Ice Spice,0.75,0,0,0,0,1,,-348.263062,-566.816833,10,"#df89ff"
0cGUm45nv7Z6M6qdXYQGTX,0cGUm45nv7Z6M6qdXYQGTX,"pop, r&b, rap",71,7625416,Kehlani,0.45,0,0,0,0,1,,-264.322235,-355.388031,10,"#df89ff"
6cK3NBO6uP7hh0oyuVELFl,6cK3NBO6uP7hh0oyuVELFl,"cali rap, trap queen",67,2198041,Saweetie,0.75,0,0,0,0,1,,-515.70166,-361.834686,10,"#df89ff"
57LYzLEk2LcFghVwuWbcuS,57LYzLEk2LcFghVwuWbcuS,"r&b, rap",78,6378653,Summer Walker,0.75,0,0,0,0,1,,-355.578613,-549.847656,10,"#df89ff"
3PyJHH2wyfQK3WZrk9rpmP,3PyJHH2wyfQK3WZrk9rpmP,"alt z, escape room",65,2286849,Ashnikko,0.666667,0,0,0,0,1,,254.873108,-625.226379,10,"#df89ff"
78rUTD7y6Cy67W1RVzYs7t,78rUTD7y6Cy67W1RVzYs7t,bedroom pop,72,3292118,PinkPantheress,0.433333,0,0,0,0,1,,256.254913,-916.256653,10,"#df89ff"
3Y7RZ31TRPVadSFVy1o8os,3Y7RZ31TRPVadSFVy1o8os,"r&b, rap",72,7540774,H.E.R.,0.666667,0,0,0,0,1,,-263.373444,-611.95813,10,"#df89ff"
1GmsPCcpKgF9OhlNXjOsbS,1GmsPCcpKgF9OhlNXjOsbS,"alt z, boston folk, indie pop, singer-songwriter pop",70,919669,Lizzy McAlpine,0.666667,0,0,0,0,7,,728.140991,130.969559,10,"#ff8805"
69761NObDw2KwmmFgZmxzC,69761NObDw2KwmmFgZmxzC,alt z,50,172299,Lexi Jayde,1,0,0,0,0,7,,656.933167,96.564247,10,"#ff8805"
1hLiboQ98IQWhpKeP9vRFw,1hLiboQ98IQWhpKeP9vRFw,indie pop,64,887700,boygenius,1,0,0,0,0,7,,703.977051,-0.858246,10,"#ff8805"
2RVvqRBon9NgaGXKfywDSs,2RVvqRBon9NgaGXKfywDSs,"alt z, uk pop",59,608018,Maisie Peters,1,0,0,0,0,7,,681.96759,-29.912256,10,"#ff8805"
7Lk9V7E1u5gqSHmtcKlOqH,7Lk9V7E1u5gqSHmtcKlOqH,"alt z, gen z singer-songwriter, modern indie pop",55,421358,Sara Kays,0,0,0,0,0,7,,628.594971,-29.552116,10,"#ff8805"
5GGJosGMs08YEmKTZJe1fL,5GGJosGMs08YEmKTZJe1fL,indie pop,66,669757,Suki Waterhouse,0,0,0,0,0,7,,627.113586,-44.37402,10,"#ff8805"
7GlBOeep6PqTfFi59PTUUN,7GlBOeep6PqTfFi59PTUUN,"indie pop, pov: indie, springfield mo indie",79,821549,Chappell Roan,1,0,0,0,0,7,,698.223694,-14.866693,10,"#ff8805"
2RQXRUsr4IW1f3mKyKsy4B,2RQXRUsr4IW1f3mKyKsy4B,pov: indie,83,2787376,Noah Kahan,1,0,0,0,0,7,,697.134216,-29.495823,10,"#ff8805"
0nnYdIpahs41QiZ9MWp5Wx,0nnYdIpahs41QiZ9MWp5Wx,"alt z, indie pop, modern alternative pop, uk pop",57,245167,Holly Humberstone,0,0,0,0,0,7,,641.130127,-44.061722,10,"#ff8805"
0uqrdF1UCmMshSk6veOa5K,0uqrdF1UCmMshSk6veOa5K,movie tunes,48,197944,Sarah Jeffery,1,0,0,0,0,2,,411.895752,968.432678,10,"#ff5584"
4uBD3fsHzb3IpOTGpicsbH,4uBD3fsHzb3IpOTGpicsbH,movie tunes,58,80329,Cameron Boyce,1,0,0,0,0,2,,396.240295,961.455383,10,"#ff5584"
4A6cd63FWHbCLqk9mtGUZZ,4A6cd63FWHbCLqk9mtGUZZ,movie tunes,58,45364,Booboo Stewart,1,0,0,0,0,2,,389.619049,946.594666,10,"#ff5584"
0jcl46xRBm9LKIwrKGQPE6,0jcl46xRBm9LKIwrKGQPE6,"movie tunes, nyc pop",53,204495,Meg Donnelly,1,0,0,0,0,2,,407.767639,950.192261,10,"#ff5584"
43niWwvn8OX1HmJLXu4aLV,43niWwvn8OX1HmJLXu4aLV,"movie tunes, otacore",53,396139,Monster High,0,0,0,0,0,2,,424.648254,882.798401,10,"#ff5584"
6blEmsLU25ewy8hHtgZaSL,6blEmsLU25ewy8hHtgZaSL,pov: indie,52,649128,Jazmin Bean,1,0,0,0,0,1,,469.445129,-677.673523,10,"#df89ff"
1yNIb413Bmfs2ZBVuPp9kC,1yNIb413Bmfs2ZBVuPp9kC,"pov: indie, weirdcore",63,1779891,Jack Stauber's Micropop,0.5,0,0,0,0,1,,630.460266,-885.716858,10,"#df89ff"
3u6lPufHw4Oww6D88rv6sB,3u6lPufHw4Oww6D88rv6sB,"alt z, modern indie pop, pov: indie",58,1067254,Penelope Scott,0.7,0,0,0,0,1,,630.605042,-830.594727,10,"#df89ff"
7M5pDtJpCdnftEQZtczYco,7M5pDtJpCdnftEQZtczYco,,67,981151,Ayesha Erotica,1,0,0,0,0,1,,493.989319,-665.150513,10,"#df89ff"
1oYXEVbGh1L7EWGm9C68cN,1oYXEVbGh1L7EWGm9C68cN,"krushclub, scenecore",71,1138741,6arelyhuman,0,0,0,0,0,1,,426.143707,-663.144287,10,"#df89ff"
7ITMCzIU9uII8gwRg8JAhc,7ITMCzIU9uII8gwRg8JAhc,"krushclub, sigilkore",76,2829804,Odetari,0,0,0,0,0,1,,432.992584,-676.785583,10,"#df89ff"
1YWJ1WjMkBCB1X3QOJ1Wdn,1YWJ1WjMkBCB1X3QOJ1Wdn,movie tunes,44,218564,Cast of High School Musical: The Musical: The Series,0,0,0,0,0,7,,822.852966,414.621887,10,"#ff8805"
0K0YUvOFH3TVILvIPBfeYN,0K0YUvOFH3TVILvIPBfeYN,movie tunes,36,77202,Sofia Wylie,0,0,0,0,0,7,,809.833557,435.917847,10,"#ff8805"
5aTwY2xyrJy4cS1jlFg1oG,5aTwY2xyrJy4cS1jlFg1oG,movie tunes,45,66827,Julia Lester,0,0,0,0,0,7,,838.292603,419.664581,10,"#ff8805"
6fu9TecMw6TInkRRyXObeu,6fu9TecMw6TInkRRyXObeu,movie tunes,28,43650,Joe Serafini,0,0,0,0,0,7,,821.66864,446.349457,10,"#ff8805"
61lrTfBVPrE3DOTu9MGmhQ,61lrTfBVPrE3DOTu9MGmhQ,movie tunes,34,59037,Matt Cornett,0,0,0,0,0,7,,850.171143,399.413513,10,"#ff8805"
4c1j4vQueDvjOFPNr2aJ2e,4c1j4vQueDvjOFPNr2aJ2e,movie tunes,26,24862,Frankie Rodriguez,0,0,0,0,0,7,,825.779602,430.441406,10,"#ff8805"
3kVNx1UKVbk2KGkFECQRf0,3kVNx1UKVbk2KGkFECQRf0,,13,20085,Larry Saperstein,0,0,0,0,0,7,,813.191223,402.834076,10,"#ff8805"
7BtVR5EyH1mjLM5bjXUD5s,7BtVR5EyH1mjLM5bjXUD5s,movie tunes,29,27972,Dara Reneé,0,0,0,0,0,7,,848.462097,431.207062,10,"#ff8805"
5iEmISzYjAAPXDheLBOmM2,5iEmISzYjAAPXDheLBOmM2,movie tunes,27,25193,Kate Reinders,0,0,0,0,0,7,,853.198914,414.739471,10,"#ff8805"
3R5yFx0z6UkzAiNHCeBqUY,3R5yFx0z6UkzAiNHCeBqUY,movie tunes,26,12714,Adrian Lyles,0,0,0,0,0,7,,823.300049,390.749237,10,"#ff8805"
5wcXTMooUetMp8uUNqC03W,5wcXTMooUetMp8uUNqC03W,,52,89371,Jeremy Shada,0,0,0,0,0,7,,837.284851,442.187256,10,"#ff8805"
3aHe9rMa5HFTjXHw8tEz0A,3aHe9rMa5HFTjXHw8tEz0A,"alt z, singer-songwriter pop",53,206035,Jenna Raine,0,0,0,0,0,7,,808.342896,420.142151,10,"#ff8805"
5bmqhxWk9SEFDGIzWpSjVJ,5bmqhxWk9SEFDGIzWpSjVJ,modern alternative rock,56,699530,THE DRIVER ERA,0.5,0,0,0,0,7,,629.088196,734.435913,10,"#ff8805"
52OQXvCMAJ0zqE2ZQrBTqC,52OQXvCMAJ0zqE2ZQrBTqC,,57,431845,Julie and the Phantoms Cast,0,0,0,0,0,7,,834.409302,403.61142,10,"#ff8805"
6aX6KqXgEcARRHwvWxHcFW,6aX6KqXgEcARRHwvWxHcFW,"canadian pop, singer-songwriter pop, social media pop, teen pop",53,837795,Johnny Orlando,0,0,0,0,0,7,,838.816833,387.84433,10,"#ff8805"
5ZS223C6JyBfXasXxrRqOk,5ZS223C6JyBfXasXxrRqOk,r&b,75,7676350,Jhené Aiko,0,0,0,0,0,1,,-149.16246,-857.793579,10,"#df89ff"
3tlXnStJ1fFhdScmQeLpuG,3tlXnStJ1fFhdScmQeLpuG,"r&b, rap",81,5917055,Brent Faiyaz,1,0,0,0,0,1,,32.726635,-954.533386,10,"#df89ff"
20wkVLutqVOYrc0kxFs7rA,20wkVLutqVOYrc0kxFs7rA,canadian contemporary r&b,78,5815657,Daniel Caesar,1,0,0,0,0,1,,39.797752,-942.815002,10,"#df89ff"
2h93pZq0e7k5yf4dywlkpM,2h93pZq0e7k5yf4dywlkpM,"lgbtq+ hip hop, neo soul",83,13859095,Frank Ocean,0.5,0,0,0,0,1,,29.833168,-870.710999,10,"#df89ff"
2EMAnMvWE2eb56ToJVfCWs,2EMAnMvWE2eb56ToJVfCWs,"kentucky hip hop, r&b, rap",80,8404155,Bryson Tiller,0,0,0,0,0,1,,-118.367966,-853.742493,10,"#df89ff"
2HPaUgqeutzr3jx5a9WyDV,2HPaUgqeutzr3jx5a9WyDV,"r&b, rap, urban contemporary",77,6545307,PARTYNEXTDOOR,0,0,0,0,0,1,,-139.410217,-844.653503,10,"#df89ff"
57vWImR43h4CaDao012Ofp,57vWImR43h4CaDao012Ofp,afrofuturism,77,4572988,Steve Lacy,0.428571,0,0,0,0,1,,338.258698,-1029.53772,10,"#df89ff"
7HkdQ0gt53LP4zmHsL0nap,7HkdQ0gt53LP4zmHsL0nap,"r&b, rap, uk contemporary r&b",65,5467554,Ella Mai,0,0,0,0,0,1,,-329.49884,-681.707947,10,"#df89ff"
4fxd5Ee7UefO4CUXgwJ7IP,4fxd5Ee7UefO4CUXgwJ7IP,r&b,73,3770948,Giveon,0,0,0,0,0,1,,-132.302719,-857.019897,10,"#df89ff"
4V8LLVI7PbaPR0K2TGSxFF,4V8LLVI7PbaPR0K2TGSxFF,"hip hop, rap",83,15010954,"Tyler, The Creator",0.333333,0,0,0,0,1,,136.333786,-954.824097,10,"#df89ff"
360IAlyVv4PCEVjgyMZrxK,360IAlyVv4PCEVjgyMZrxK,"r&b, urban contemporary",76,5041562,Miguel,0,0,0,0,0,1,,-138.677216,-871.413147,10,"#df89ff"
2ICR2m4hOBPhaYiZB3rnLW,2ICR2m4hOBPhaYiZB3rnLW,experimental r&b,67,1155649,Sonder,0,0,0,0,0,1,,-121.487381,-869.802979,10,"#df89ff"
6rniTPs9zN26kYnkPdFl1U,6rniTPs9zN26kYnkPdFl1U,"indie pop, pov: indie",60,756513,Sir Chloe,0.8,0,0,0,0,1,,667.309631,-859.632874,10,"#df89ff"
3P4vW5tzQvmuoNaFQqzy9q,3P4vW5tzQvmuoNaFQqzy9q,"alt z, bedroom pop, indie pop, pov: indie",53,677471,chloe moriondo,1,0,0,0,0,1,,757.547241,-854.821716,10,"#df89ff"
3XxNRirzbjfLdDli06zMaB,3XxNRirzbjfLdDli06zMaB,"noise pop, pov: indie",73,1917729,Eyedress,0.660714,0,0,0,0,1,,508.645264,-1006.427734,10,"#df89ff"
0m5FakHKCQdA7UN0PIzMcL,0m5FakHKCQdA7UN0PIzMcL,"lo-fi indie, pov: indie",67,1263783,Current Joys,0.5,0,0,0,0,1,,553.665527,-1162.212158,10,"#df89ff"
0pg0Zm8FsGAYy5kdHuBnSo,0pg0Zm8FsGAYy5kdHuBnSo,"countrygaze, lo-fi emo, lo-fi indie, pov: indie, slowcore, small room",66,1120524,salvia palth,0.5,0,0,0,0,1,,571.674805,-1098.102051,10,"#df89ff"
0uq5PttqEjj3IH1bzwcrXF,0uq5PttqEjj3IH1bzwcrXF,"dance pop, girl group, pop",65,3586653,Spice Girls,0.732143,0,0,0,0,3,,-1108.775757,57.809193,10,"#4c463e"
4yiQZ8tQPux8cPriYMWUFP,4yiQZ8tQPux8cPriYMWUFP,"dance pop, pop",70,6464453,Gwen Stefani,0.652778,0,0,0,0,3,,-1069.630249,30.351736,10,"#4c463e"
6wPhSqRtPu1UhRCDX5yaDJ,6wPhSqRtPu1UhRCDX5yaDJ,"dance pop, girl group, pop",65,5599714,The Pussycat Dolls,0.588889,0,0,0,0,3,,-1034.291992,13.577475,10,"#4c463e"
3r17AfJCCUqC9Lf0OAc73G,3r17AfJCCUqC9Lf0OAc73G,"dance pop, pop",66,5682208,Fergie,0.590909,0,0,0,0,3,,-1008.046082,10.146865,10,"#4c463e"
2jw70GZXlAI8QzWeY2bgRc,2jw70GZXlAI8QzWeY2bgRc,"canadian latin, canadian pop, dance pop, pop",74,3840439,Nelly Furtado,0.766667,0,0,0,0,3,,-1103.454102,18.700806,10,"#4c463e"
6tbjWDEIzxoDsBA1FuhfPW,6tbjWDEIzxoDsBA1FuhfPW,"dance pop, pop",78,7760476,Madonna,0.666667,0,0,0,0,3,,-1128.386108,22.542442,10,"#4c463e"
1Y8cdNmUJH7yBTd9yOvr5i,1Y8cdNmUJH7yBTd9yOvr5i,"dance pop, girl group, pop, r&b, urban contemporary",68,7142313,Destiny's Child,0.65,0,0,0,0,3,,-952.325562,-157.297104,10,"#4c463e"
6Ff53KvcvAj5U7Z1vojB5o,6Ff53KvcvAj5U7Z1vojB5o,"boy band, dance pop, pop",66,2361608,*NSYNC,1,0,0,0,0,3,,-1117.976074,-31.143581,10,"#4c463e"
2tFN9ubMXEhdAQvdQxcsma,2tFN9ubMXEhdAQvdQxcsma,"dance pop, post-teen pop",44,1283323,Jessica Simpson,0.75,0,0,0,0,3,,-1141.910645,-11.198205,10,"#4c463e"
1yxSLGMDHlW21z4YXirZDS,1yxSLGMDHlW21z4YXirZDS,"dance pop, pop, pop rap",77,8093789,Black Eyed Peas,0.333333,0,0,0,0,3,,-1133.333252,208.028748,10,"#4c463e"
6vWDO969PvNqNYHIOW5v0m,6vWDO969PvNqNYHIOW5v0m,"pop, r&b",86,37421734,Beyoncé,0.45,0,0,0,0,3,,-788.59729,-174.289642,10,"#4c463e"
6sFIWsNpZYqfjUpaCgueju,6sFIWsNpZYqfjUpaCgueju,"canadian pop, dance pop, pop",69,4865783,Carly Rae Jepsen,0.5,0,0,0,0,5,,-456.954193,-185.03653,10,"#00c4ff"
085pc2PYOi8bGKj0PNjekA,085pc2PYOi8bGKj0PNjekA,"dance pop, pop",71,4113625,will.i.am,0.833333,0,0,0,0,3,,-927.395447,-82.498405,10,"#4c463e"
0FWzNDaEu9jdgcYTbcOa4F,0FWzNDaEu9jdgcYTbcOa4F,"dance pop, electropowerpop, pop punk, pop rap, post-teen pop",60,972462,3OH!3,0,0,0,0,0,3,,-904.234985,-47.075356,10,"#4c463e"
6MF9fzBmfXghAz953czmBC,6MF9fzBmfXghAz953czmBC,"dance pop, pop, pop rap",67,2201518,Taio Cruz,0,0,0,0,0,3,,-902.668762,-59.925564,10,"#4c463e"
74XFHRwlV6OrjEM0A2NCMF,74XFHRwlV6OrjEM0A2NCMF,"candy pop, modern rock, pixie, pop, pop emo, pop punk, rock",75,8458615,Paramore,0,0,0,0,0,5,,-557.811829,-153.36824,10,"#00c4ff"
1dIdBZaaHRW2bDTkHNfWln,1dIdBZaaHRW2bDTkHNfWln,"australian pop, candy pop, dance pop, girl group, post-teen pop",53,953977,The Veronicas,0,0,0,0,0,3,,-1191.835571,100.039444,10,"#4c463e"
7H55rcKCfwqkyDFH9wpKM6,7H55rcKCfwqkyDFH9wpKM6,pop,68,3767040,Christina Perri,0.7,0,0,0,0,3,,-1031.141113,248.383621,10,"#4c463e"
2p4FqHnazRucYQHyDCdBrJ,2p4FqHnazRucYQHyDCdBrJ,"canadian pop punk, canadian punk, canadian rock, modern rock, neon pop punk, pop punk, pop rock",66,3544568,Simple Plan,0,0,0,0,0,3,,-1190.609009,85.538284,10,"#4c463e"
5xuNBZoM7z1Vv8IQ6uM0p6,5xuNBZoM7z1Vv8IQ6uM0p6,"dance pop, pop, post-teen pop",58,2353962,JoJo,0.916667,0,0,0,0,3,,-1119.156982,125.449043,10,"#4c463e"
4hqDqHtBlgxXpLXVYf7c8L,4hqDqHtBlgxXpLXVYf7c8L,"dance pop, post-teen pop",44,966405,Ashlee Simpson,1,0,0,0,0,3,,-1185.978027,129.783508,10,"#4c463e"
5lKZWd6HiSCLfnDGrq9RAm,5lKZWd6HiSCLfnDGrq9RAm,"british soul, dance pop, pop, talent show",62,3534786,Leona Lewis,0.75,0,0,0,0,3,,-1139.040283,170.655106,10,"#4c463e"
40xbWSB4JPdOkRyuTDy1oP,40xbWSB4JPdOkRyuTDy1oP,"dance pop, pop, post-teen pop",58,2393010,Nicole Scherzinger,0.416667,0,0,0,0,3,,-945.094727,161.514069,10,"#4c463e"
2AQjGvtT0pFYfxR3neFcvz,2AQjGvtT0pFYfxR3neFcvz,"dance pop, pop, post-teen pop, urban contemporary",58,2379870,Jordin Sparks,0.833333,0,0,0,0,3,,-1119.385742,146.15152,10,"#4c463e"
4xFUf1FHVy696Q1JQZMTRj,4xFUf1FHVy696Q1JQZMTRj,"classic oklahoma country, contemporary country, country, country dawn, dance pop, pop",67,5906969,Carrie Underwood,0,0,0,0,0,3,,-1235.84021,146.560394,10,"#4c463e"
7o95ZoZt5ZYn31e9z1Hc0a,7o95ZoZt5ZYn31e9z1Hc0a,"dance pop, pop, post-teen pop",74,1754399,Natasha Bedingfield,0,0,0,0,0,3,,-1244.005493,131.478317,10,"#4c463e"
6aZyMrc4doVtZyKNilOmwu,6aZyMrc4doVtZyKNilOmwu,"dance pop, neo mellow, pop",64,2484105,Colbie Caillat,0,0,0,0,0,3,,-1230.477417,129.876968,10,"#4c463e"
25NQNriVT2YbSW80ILRWJa,25NQNriVT2YbSW80ILRWJa,"contemporary country, country, country dawn, country road",59,1824849,Faith Hill,0,0,0,0,0,3,,-1237.136597,114.345543,10,"#4c463e"
2NdeV5rLm47xAvogXrYhJX,2NdeV5rLm47xAvogXrYhJX,"dance pop, hip pop, pop, r&b, urban contemporary",67,6508903,Ciara,0.566667,0,0,0,0,3,,-834.8927,-218.749069,10,"#4c463e"
6prmLEyn4LfHlD9NnXWlf7,6prmLEyn4LfHlD9NnXWlf7,"dance pop, idol, pop, post-teen pop",57,1588176,Adam Lambert,0,0,0,0,0,3,,-1238.12793,211.645248,10,"#4c463e"
31TPClRtHm23RisEBtV3X7,31TPClRtHm23RisEBtV3X7,"dance pop, pop",79,14013933,Justin Timberlake,0.166667,0,0,0,0,3,,-993.449585,342.928589,10,"#4c463e"
72OaDtakiy6yFqkt4TsiFt,72OaDtakiy6yFqkt4TsiFt,"dance pop, pop",65,3320228,Cher,0,0,0,0,0,3,,-1242.038574,197.829514,10,"#4c463e"
37hAfseJWi0G3Scife12Il,37hAfseJWi0G3Scife12Il,"scam rap, trap queen",61,2575831,City Girls,1,0,0,0,0,1,,-597.105103,-485.584625,10,"#df89ff"
2cWZOOzeOm4WmBJRnD5R7I,2cWZOOzeOm4WmBJRnD5R7I,"pop, r&b",66,2679679,Normani,0.833333,0,0,0,0,1,,-667.265991,-329.998962,10,"#df89ff"
7DuTB6wdzqFJGFLSH17k8e,7DuTB6wdzqFJGFLSH17k8e,"trap queen, viral rap",53,3370044,Bhad Bhabie,1,0,0,0,0,1,,-613.474121,-481.578918,10,"#df89ff"
3MdXrJWsbVzdn6fe5JYkSQ,3MdXrJWsbVzdn6fe5JYkSQ,trap queen,74,1604816,Latto,1,0,0,0,0,1,,-601.851868,-470.301056,10,"#df89ff"
56oDRnqbIiwx4mymNEv7dS,56oDRnqbIiwx4mymNEv7dS,"escape room, minnesota hip hop, pop, trap queen",68,5711690,Lizzo,0,0,0,0,0,1,,-549.767944,-562.880127,10,"#df89ff"
3nViOFa3kZW8OMSNOzwr98,3nViOFa3kZW8OMSNOzwr98,"pop r&b, r&b",56,3043511,Queen Naija,0,0,0,0,0,1,,-551.128967,-545.088196,10,"#df89ff"
2ExGrw6XpbtUAJHTLtUXUD,2ExGrw6XpbtUAJHTLtUXUD,"dancehall, dancehall queen, uk dancehall, uk hip hop",63,1176912,Stefflon Don,0,0,0,0,0,1,,-537.677429,-552.893677,10,"#df89ff"
3u579Gdap91lMptBSdXTpf,3u579Gdap91lMptBSdXTpf,"detroit hip hop, trap queen",46,1302604,Kash Doll,0,0,0,0,0,1,,-563.227783,-554.788391,10,"#df89ff"
3DiDSECUqqY1AuBP8qtaIa,3DiDSECUqqY1AuBP8qtaIa,"neo soul, pop, r&b",75,11673505,Alicia Keys,0.25,0,0,0,0,3,,-946.036072,180.52153,10,"#4c463e"
23zg3TcAtWQy7J6upgbUnj,23zg3TcAtWQy7J6upgbUnj,"atl hip hop, contemporary r&b, dance pop, pop, r&b, rap, south carolina hip hop, urban contemporary",79,11398684,USHER,0,0,0,0,0,3,,-889.136475,-197.819153,10,"#4c463e"
4UFShyUQuA8dguoZrqX0jQ,4UFShyUQuA8dguoZrqX0jQ,,57,504093,Luke Hemmings,1,0,0,0,0,0,,-49.79118,726.828918,10,"#73c000"
3zOKGDS77tYdGFQ6UJMC4E,3zOKGDS77tYdGFQ6UJMC4E,,31,245655,Ashton Irwin,1,0,0,0,0,0,,-57.733547,743.535889,10,"#73c000"
2jnIB6XdLvnJUeNTy5A0J2,2jnIB6XdLvnJUeNTy5A0J2,"boy band, pop",63,3683551,Why Don't We,0.589286,0,0,0,0,0,,16.43535,603.579529,10,"#73c000"
2WuKU0SYZOQyY3MmE4vtez,2WuKU0SYZOQyY3MmE4vtez,boy band,46,1010868,New Hope Club,1,0,0,0,0,0,,-53.987,801.435974,10,"#73c000"
46gyXjRIvN1NL1eCB8GBxo,46gyXjRIvN1NL1eCB8GBxo,"modern rock, neon pop punk, pop emo, pop punk",66,3005872,All Time Low,0,0,0,0,0,0,,3.751119,687.610229,10,"#73c000"
2gUMs9PE8XZVQyzCDqaYmW,2gUMs9PE8XZVQyzCDqaYmW,"movie tunes, post-teen pop",59,1378519,High School Musical Cast,0.5,0,0,0,0,2,,-252.103027,1009.426086,10,"#ff5584"
2Hjj68yyUPiC0HKEOigcEp,2Hjj68yyUPiC0HKEOigcEp,"dance pop, pop, post-teen pop",57,1015500,Jesse McCartney,0,0,0,0,0,0,,-355.400269,936.821289,10,"#73c000"
0GWCNkPi54upO9WLlwjAHd,0GWCNkPi54upO9WLlwjAHd,"boy band, pop, post-teen pop",60,2627226,Big Time Rush,0,0,0,0,0,0,,-341.738678,938.950867,10,"#73c000"
5xkAtLTf309LAGZTbvULBn,5xkAtLTf309LAGZTbvULBn,"alt z, australian alternative pop, singer-songwriter pop",60,1914648,Ruel,1,0,0,0,0,6,,191.856354,425.848053,10,"#00bd94"
3gIRvgZssIb9aiirIg0nI3,3gIRvgZssIb9aiirIg0nI3,"alt z, electropop, pop",65,2253352,Jeremy Zucker,1,0,0,0,0,6,,207.269302,421.543304,10,"#00bd94"
3mIj9lX2MWuHmhNCA7LSCW,3mIj9lX2MWuHmhNCA7LSCW,"modern alternative rock, modern rock, pop, pov: indie, rock",73,7164817,The 1975,1,0,0,0,0,5,,35.738945,-99.50721,10,"#00c4ff"
5vBSrE1xujD2FXYRarbAXc,5vBSrE1xujD2FXYRarbAXc,"dance pop, gauze pop, pop, pop dance, uk pop",66,1965268,Olly Alexander (Years & Years),0.5,0,0,0,0,5,,-315.424438,217.73175,10,"#00c4ff"
49tQo2QULno7gxHutgccqF,49tQo2QULno7gxHutgccqF,la pop,70,5763367,LANY,1,0,0,0,0,6,,231.543259,368.055695,10,"#00bd94"
1INuLZXjjVbcJRyWvD1iSq,1INuLZXjjVbcJRyWvD1iSq,"pop, teen pop",55,1408386,Jack & Jack,0.5,0,0,0,0,6,,72.763466,678.046631,10,"#00bd94"
0kkxsdcaWmWU2yWAqclDh4,0kkxsdcaWmWU2yWAqclDh4,"post-teen pop, talent show, teen pop, viral pop",57,741998,Rixton,0,0,0,0,0,0,,-64.087486,871.356934,10,"#73c000"
5Y8eJDj37KhaEeqbVO7Ag1,5Y8eJDj37KhaEeqbVO7Ag1,"boy band, post-teen pop, teen pop",52,1270173,PRETTYMUCH,0.5,0,0,0,0,6,,78.814316,664.966858,10,"#00bd94"
6dn6x1XOng3LOAnfTjUn77,6dn6x1XOng3LOAnfTjUn77,"alt z, singer-songwriter pop, teen pop",52,904582,AJ Mitchell,0.5,0,0,0,0,0,,48.414547,610.137756,10,"#73c000"
2l35CQqtYRh3d8ZIiBep4v,2l35CQqtYRh3d8ZIiBep4v,"pop, post-teen pop",64,1058400,MKTO,0,0,0,0,0,0,,-47.939972,865.903564,10,"#73c000"
79Xp2rRN7wdsaTJgttdX3K,79Xp2rRN7wdsaTJgttdX3K,"australian pop, pop, post-teen pop",51,1367778,Cody Simpson,0,0,0,0,0,0,,-40.612751,849.652283,10,"#73c000"
2NhdGz9EDv2FeUw6udu2g1,2NhdGz9EDv2FeUw6udu2g1,"boy band, dance pop, pop, post-teen pop",61,2485400,The Wanted,0,0,0,0,0,0,,-57.328472,855.800842,10,"#73c000"
7nDsS0l5ZAzMedVRKPP8F1,7nDsS0l5ZAzMedVRKPP8F1,"dance pop, pop dance, talent show, uk pop",70,1608087,Ella Henderson,0,0,0,0,0,0,,-750.784607,440.363678,10,"#73c000"
4Q6nIcaBED8qUel8bBx6Cr,4Q6nIcaBED8qUel8bBx6Cr,"dance pop, edm, house, pop dance, uk dance, uk pop",70,1170731,Jax Jones,1,0,0,0,0,5,,-663.149963,449.489624,10,"#00c4ff"
6ydoSd3N2mwgwBHtF6K7eX,6ydoSd3N2mwgwBHtF6K7eX,pop,73,5574533,Calum Scott,1,0,0,0,0,0,,-670.452393,759.857422,10,"#73c000"
543ccHFPnZfJMD8tRGPtu7,543ccHFPnZfJMD8tRGPtu7,uk pop,50,925476,James Smith,0,0,0,0,0,0,,-549.159973,890.620483,10,"#73c000"
4GNC7GD6oZMSxPGyXy4MNB,4GNC7GD6oZMSxPGyXy4MNB,"pop, uk pop",77,12483270,Lewis Capaldi,0.666667,0,0,0,0,0,,-752.88324,698.431824,10,"#73c000"
4EzkuveR9pLvDVFNx6foYD,4EzkuveR9pLvDVFNx6foYD,"neo mellow, pop, uk pop",66,3987084,James Bay,1,0,0,0,0,0,,-670.405273,774.491943,10,"#73c000"
3AQRLZ9PuTAozP28Skbq8V,3AQRLZ9PuTAozP28Skbq8V,"celtic rock, pop",72,7965848,The Script,0,0,0,0,0,3,,-787.209351,750.560852,10,"#4c463e"
0B3N0ZINFWvizfa8bKiz4v,0B3N0ZINFWvizfa8bKiz4v,"british singer-songwriter, uk pop",60,1359459,James TW,0,0,0,0,0,0,,-536.514465,895.732361,10,"#73c000"
5GuEFqVXxQsqJtjGqoFWvf,5GuEFqVXxQsqJtjGqoFWvf,"movie tunes, post-teen pop",45,521034,Corbin Bleu,0,0,0,0,0,2,,128.714661,1109.02124,10,"#ff5584"
6kUQJlewgd3UFKVYrrmILh,6kUQJlewgd3UFKVYrrmILh,post-teen pop,32,315509,Raven-Symoné,0,0,0,0,0,2,,-146.393845,1140.962891,10,"#ff5584"
3IcF2f5vEkY6HPQfLlQDlw,3IcF2f5vEkY6HPQfLlQDlw,post-teen pop,28,354345,Mitchel Musso,0,0,0,0,0,2,,-159.928192,1143.288452,10,"#ff5584"
0NIIxcxNHmOoyBx03SfTCD,0NIIxcxNHmOoyBx03SfTCD,"alternative r&b, dance pop, metropopolis, pop, r&b, urban contemporary",65,2694149,Tinashe,1,0,0,0,0,5,,-579.216125,-22.516201,10,"#00c4ff"
2wIVse2owClT7go1WT98tk,2wIVse2owClT7go1WT98tk,"dance pop, hip hop, hip pop, neo soul, pop rap, r&b, rap, urban contemporary, virginia hip hop",67,2451070,Missy Elliott,0,0,0,0,0,3,,-769.996338,-118.731285,10,"#4c463e"
5Y5TRrQiqgUO4S36tzjIRZ,5Y5TRrQiqgUO4S36tzjIRZ,"dance pop, pop, pop rap",75,2827209,Timbaland,0.5,0,0,0,0,3,,-952.152039,-124.020294,10,"#4c463e"
6aBoKzSTjuIi0sY69XHLk3,6aBoKzSTjuIi0sY69XHLk3,latin viral pop,43,654948,Karol Sevilla,0,0,0,0,0,2,,403.850006,1093.971436,10,"#ff5584"
2uTXJwJ1Q9PA2ji51RWeQm,2uTXJwJ1Q9PA2ji51RWeQm,movie tunes,55,30952,Mitchell Hope,0,0,0,0,0,2,,412.90448,1083.186401,10,"#ff5584"
1Yq3rS7K1SQKqjMOHXpqqt,1Yq3rS7K1SQKqjMOHXpqqt,,47,49281,Towa Bird,0,0,0,0,0,7,,781.871033,-26.09354,10,"#ff8805"
5qa31A9HySw3T7MKWI9bGg,5qa31A9HySw3T7MKWI9bGg,"alt z, pop",66,915003,FLETCHER,0.5,0,0,0,0,5,,396.691895,113.034233,10,"#00c4ff"
6Ve5oEOT8RbNXWHfsZpICN,6Ve5oEOT8RbNXWHfsZpICN,,47,6295,Cast of Mean Girls,0,0,0,0,0,7,,764.049316,-0.675737,10,"#ff8805"
6xdRb2GypJ7DqnWAI2mHGn,6xdRb2GypJ7DqnWAI2mHGn,"indie pop, indie poptimism, la pop, metropopolis",55,381157,MUNA,0.5,0,0,0,0,5,,480.616669,-12.479104,10,"#00c4ff"
07D1Bjaof0NFlU32KXiqUP,07D1Bjaof0NFlU32KXiqUP,indie pop,66,497347,Lucy Dacus,0,0,0,0,0,7,,792.898438,0.978168,10,"#ff8805"
4e9vQfyvvDlcQAkjSdFE4x,4e9vQfyvvDlcQAkjSdFE4x,indie pop,48,452096,Maya Hawke,0,0,0,0,0,7,,771.385315,12.647489,10,"#ff8805"
0avMDS4HyoCEP6RqZJWpY2,0avMDS4HyoCEP6RqZJWpY2,"countrygaze, indie pop, modern dream pop",61,544680,Ethel Cain,0,0,0,0,0,7,,764.087036,-16.324457,10,"#ff8805"
7poQNrOwZoUcoqihg4Xex0,7poQNrOwZoUcoqihg4Xex0,,53,237520,Wasia Project,0,0,0,0,0,7,,791.528564,-14.791696,10,"#ff8805"
3gBjSrNsYzzbeo0nwsL21J,3gBjSrNsYzzbeo0nwsL21J,"alt z, gen z singer-songwriter, modern indie pop",39,109718,ella jane,0,0,0,0,0,7,,768.035278,-30.473862,10,"#ff8805"
5dtPlx7yKOo7KdZGyrfFIq,5dtPlx7yKOo7KdZGyrfFIq,alt z,51,313550,Maddie Zahm,0,0,0,0,0,7,,778.133545,-6.523233,10,"#ff8805"
12zbUHbPHL5DGuJtiUfsip,12zbUHbPHL5DGuJtiUfsip,"ambient folk, indie pop",64,477482,Julien Baker,0,0,0,0,0,7,,785.54895,13.826526,10,"#ff8805"
542yUd4rGzUEOLd1diV94f,542yUd4rGzUEOLd1diV94f,,46,17745,Rocky,0,0,0,0,0,2,,481.386993,1088.510498,10,"#ff5584"
5aptPwTkTKmlPx6csmNJLA,5aptPwTkTKmlPx6csmNJLA,"post-teen pop, teen pop",47,644269,R5,0,0,0,0,0,2,,468.930817,1094.374146,10,"#ff5584"
4VhL8KLjVso4vLfOLVViTb,4VhL8KLjVso4vLfOLVViTb,"pop, post-teen pop",58,1324144,Bridgit Mendler,1,0,0,0,0,2,,386.908234,1110.716187,10,"#ff5584"
2Zi3RrdQqk63Xj0914STkS,2Zi3RrdQqk63Xj0914STkS,"movie tunes, post-teen pop, vapor pop",57,343616,Naomi Scott,0,0,0,0,0,2,,479.235199,1075.074585,10,"#ff5584"
6Y64EaNqpqcZYTgs4c76gF,6Y64EaNqpqcZYTgs4c76gF,"pop punk, social media pop",58,1004057,jxdn,0,0,0,0,0,7,,695.028198,203.504822,10,"#ff8805"
3BxsweDMcgp9gNWmG40u6f,3BxsweDMcgp9gNWmG40u6f,social media pop,43,365422,Huddy,0,0,0,0,0,7,,723.190186,175.780197,10,"#ff8805"
0wrbaNL900CWaR5DYERLze,0wrbaNL900CWaR5DYERLze,social media pop,41,334151,payton,0,0,0,0,0,7,,738.493225,182.495804,10,"#ff8805"
4NFJfKlf2A6rkLag0MesjU,4NFJfKlf2A6rkLag0MesjU,social media pop,25,121712,Josh Richards,0,0,0,0,0,7,,710.849976,193.910004,10,"#ff8805"
3DKkhRCGOG4e8IUPYFPfWs,3DKkhRCGOG4e8IUPYFPfWs,social media pop,38,921196,Dixie,0,0,0,0,0,7,,739.456543,213.334991,10,"#ff8805"
7j6liwxutWe54EZmbPylkB,7j6liwxutWe54EZmbPylkB,,25,77570,Bryce Hall,0,0,0,0,0,7,,725.501953,207.11972,10,"#ff8805"
49gybyXyHSReIroJ8CpriJ,49gybyXyHSReIroJ8CpriJ,,25,95488,vinnie,0,0,0,0,0,7,,742.912292,197.836105,10,"#ff8805"
5Hz3IW691fbgGqLk4yvlNN,5Hz3IW691fbgGqLk4yvlNN,social media pop,38,138479,Tayler Holder,0,0,0,0,0,7,,697.728027,219.528427,10,"#ff8805"
0ZdLS8EfYknjiTEBHbJt9n,0ZdLS8EfYknjiTEBHbJt9n,,18,27265,Quinton Griggs,0,0,0,0,0,7,,696.715332,187.45842,10,"#ff8805"
4gvjmrtzydbMpyJaXUtwvP,4gvjmrtzydbMpyJaXUtwvP,social media pop,52,293545,Addison Rae,0,0,0,0,0,7,,725.94574,191.752655,10,"#ff8805"
2TvEkqxJRNAZ2XLqKVQMld,2TvEkqxJRNAZ2XLqKVQMld,,11,28022,Griffin Johnson,0,0,0,0,0,7,,707.956482,176.527908,10,"#ff8805"
6oWOHAOyBUn6aJlKIPJK9r,6oWOHAOyBUn6aJlKIPJK9r,alt z,54,223526,Leah Kate,0,0,0,0,0,7,,710.781799,210.407425,10,"#ff8805"
2S054G7qnCK45KY0XzpX30,2S054G7qnCK45KY0XzpX30,"alt z, singer-songwriter pop, social media pop",52,300724,Dylan Conrique,0,0,0,0,0,7,,711.660645,227.329346,10,"#ff8805"
0HPOJQqAEKEXOrGUaoRlsH,0HPOJQqAEKEXOrGUaoRlsH,,14,71027,Ondreaz,0,0,0,0,0,7,,726.65741,223.912216,10,"#ff8805"
4Xt0mNxZEZWjgJwsZKDuvQ,4Xt0mNxZEZWjgJwsZKDuvQ,,29,189734,Skylar Simone,0,0,0,0,0,2,,327.285431,1145.026733,10,"#ff5584"
2FYOI01brbNN7gtT58DElr,2FYOI01brbNN7gtT58DElr,,26,95993,Stefanie Scott,0,0,0,0,0,2,,343.388092,1146.991943,10,"#ff5584"
1tOfjxtFVtMBiJeI5ccH8o,1tOfjxtFVtMBiJeI5ccH8o,,10,57871,G Hannelius,0,0,0,0,0,2,,332.647003,1159.476562,10,"#ff5584"
4bDyYcqEkVNwrHfljpOtLV,4bDyYcqEkVNwrHfljpOtLV,,22,146539,Cast of The Lodge,0,0,0,0,0,2,,316.371765,1157.135376,10,"#ff5584"
0TnOYISbd1XYRBk9myaseg,0TnOYISbd1XYRBk9myaseg,"dance pop, miami hip hop, pop",81,10322283,Pitbull,0,0,0,0,0,3,,-1137.175415,-170.679352,10,"#4c463e"
4eAOcbAXIF4BmbN6E1QIlw,4eAOcbAXIF4BmbN6E1QIlw,"dance pop, hip pop, r&b, urban contemporary",48,1370997,Christina Milian,0,0,0,0,0,3,,-1148.23645,-161.512894,10,"#4c463e"
7DMveApC7UnC2NPfPvlHSU,7DMveApC7UnC2NPfPvlHSU,"edm, pop, pop dance",63,2106709,Cheat Codes,1,0,0,0,0,5,,-881.551331,696.48999,10,"#00c4ff"
1IueXOQyABrMOprrzwQJWN,1IueXOQyABrMOprrzwQJWN,"dance pop, edm, pop dance, uk dance",65,1555090,Sigala,0,0,0,0,0,5,,-828.817017,605.828918,10,"#00c4ff"
4WN5naL3ofxrVBgFpguzKo,4WN5naL3ofxrVBgFpguzKo,"pop dance, uk dance, uk funky",69,1352302,Rudimental,0,0,0,0,0,5,,-817.266968,617.511902,10,"#00c4ff"
4sTQVOfp9vEMCemLw50sbu,4sTQVOfp9vEMCemLw50sbu,"dance pop, edm, pop, pop dance",70,3341841,Galantis,1,0,0,0,0,5,,-868.71405,687.484924,10,"#00c4ff"
23fqKkggKUBHNkbKtXEls4,23fqKkggKUBHNkbKtXEls4,"edm, pop, pop dance, tropical house",78,8330991,Kygo,0.666667,0,0,0,0,5,,-827.070068,764.559082,10,"#00c4ff"
64KEffDW9EtZ1y2vBYgq8T,64KEffDW9EtZ1y2vBYgq8T,"brostep, edm, pop, progressive electro house",81,33604636,Marshmello,0.5,0,0,0,0,5,,-880.941528,841.641235,10,"#00c4ff"
60d24wfXkVzDSfLS6hyCjZ,60d24wfXkVzDSfLS6hyCjZ,"dutch edm, edm, pop, pop dance, progressive house",72,14988913,Martin Garrix,0.5,0,0,0,0,5,,-854.802063,841.683472,10,"#00c4ff"
540vIaP2JwjQb9dm3aArA4,540vIaP2JwjQb9dm3aArA4,"edm, electronic trap, pop, pop dance",76,8592307,DJ Snake,0.5,0,0,0,0,5,,-866.361023,829.271362,10,"#00c4ff"
1vCWHaC5f2uS3yhpwWbIA6,1vCWHaC5f2uS3yhpwWbIA6,"dance pop, edm, pop, pop dance",78,22717803,Avicii,0.5,0,0,0,0,5,,-883.000488,825.833313,10,"#00c4ff"
2xW3pBjCngD69hC1wIUgjA,2xW3pBjCngD69hC1wIUgjA,pop edm,43,741764,Axel Johansson,0,0,0,0,0,5,,-811.142517,881.860535,10,"#00c4ff"
6lB8vOoI4DRrrVxXwuV19c,6lB8vOoI4DRrrVxXwuV19c,"pop dance, swedish tropical house",59,1440038,Mike Perry,0,0,0,0,0,5,,-798.803833,886.382812,10,"#00c4ff"
53XhwfbYqKCa1cC15pYq2q,53XhwfbYqKCa1cC15pYq2q,"modern rock, pop, rock",84,52481279,Imagine Dragons,0.333333,0,0,0,0,5,,-921.652588,691.629089,10,"#00c4ff"
7CajNmpbOovFoOoasH2HaY,7CajNmpbOovFoOoasH2HaY,"dance pop, edm, electro house, house, pop, pop dance, progressive house, uk dance",84,22549990,Calvin Harris,0.5,0,0,0,0,5,,-867.058777,850.7901,10,"#00c4ff"
5Pwc4xIPtQLFEnJriah9YJ,5Pwc4xIPtQLFEnJriah9YJ,"piano rock, pop",81,16937233,OneRepublic,0.5,0,0,0,0,3,,-928.479126,660.201416,10,"#4c463e"
0du5cEVh5yTK9QJze8zA0C,0du5cEVh5yTK9QJze8zA0C,"dance pop, pop",86,55442643,Bruno Mars,0.833333,0,0,0,0,3,,-986.384094,500.841461,10,"#4c463e"
4gzpq5DPGxSnKTe4SA8HAU,4gzpq5DPGxSnKTe4SA8HAU,"permanent wave, pop",85,50512769,Coldplay,0.833333,0,0,0,0,3,,-978.263855,488.202606,10,"#4c463e"
4phGZZrJZRo4ElhRtViYdl,4phGZZrJZRo4ElhRtViYdl,"acoustic pop, dance pop, neo mellow, pop",69,7145251,Jason Mraz,0,0,0,0,0,3,,-1068.119263,616.348267,10,"#4c463e"
3FUY2gzHeIiaesXtOAdB7A,3FUY2gzHeIiaesXtOAdB7A,"dance pop, neo mellow, pop, pop rock",72,4218971,Train,0,0,0,0,0,3,,-1071.557495,631.914856,10,"#4c463e"
0jnsk9HBra6NMjO2oANoPY,0jnsk9HBra6NMjO2oANoPY,"dance pop, miami hip hop, pop, pop rap",77,8471026,Flo Rida,0,0,0,0,0,3,,-1055.870972,626.414734,10,"#4c463e"
07YZf4WDAMNwqr4jfgOZ8y,07YZf4WDAMNwqr4jfgOZ8y,"dance pop, pop",75,11977917,Jason Derulo,0,0,0,0,0,3,,-1059.133057,641.954956,10,"#4c463e"
7I3bkknknQkIiatWiupQgD,7I3bkknknQkIiatWiupQgD,pov: indie,67,602225,Beach Weather,1,0,0,0,0,1,,406.484772,-883.31665,10,"#df89ff"
5arKwJZEvT5uKq4o0JfqR4,5arKwJZEvT5uKq4o0JfqR4,"dark r&b, hyperpop, sped up",75,1426700,Isabel LaRosa,1,0,0,0,0,1,,419.095703,-873.114563,10,"#df89ff"
5nvWOyAkfNgVLKESq4fOj2,5nvWOyAkfNgVLKESq4fOj2,pittsburgh rap,72,1489787,Montell Fish,1,0,0,0,0,1,,390.25119,-886.108459,10,"#df89ff"
6lcwlkAjBPSKnFBZjjZFJs,6lcwlkAjBPSKnFBZjjZFJs,"philly indie, pov: indie, slacker rock",72,1990806,Alex G,0.6,0,0,0,0,1,,581.550842,-1192.392334,10,"#df89ff"
7gW0r5CkdEUMm42w9XpyZO,7gW0r5CkdEUMm42w9XpyZO,gen z singer-songwriter,78,3947494,Laufey,1,0,0,0,0,1,,668.40094,-1042.270874,10,"#df89ff"
5szilpXHcwOqnyKLqGco5j,5szilpXHcwOqnyKLqGco5j,"atlanta indie, indie pop",69,1231851,Faye Webster,0.666667,0,0,0,0,1,,488.80011,-1094.237915,10,"#df89ff"
5jTtGLk1mGFMY5lQOvJYUj,5jTtGLk1mGFMY5lQOvJYUj,pov: indie,65,765370,bôa,1,0,0,0,0,1,,641.157776,-1090.121948,10,"#df89ff"
7dIpKWlEeAljA20vFJ82RD,7dIpKWlEeAljA20vFJ82RD,"pov: indie, weirdcore",63,964002,Roar,0.5,0,0,0,0,1,,686.861938,-1027.478027,10,"#df89ff"
0rFHElzeddB9ymDjgpBENX,0rFHElzeddB9ymDjgpBENX,japanese alternative pop,62,1099308,Lamp,1,0,0,0,0,1,,674.460388,-1054.677734,10,"#df89ff"
1AbJ2cmwK400LSvdvBL5Jc,1AbJ2cmwK400LSvdvBL5Jc,bedroom pop,65,799718,Strawberry Guy,0.7,0,0,0,0,1,,575.665039,-1128.467651,10,"#df89ff"
3zmfs9cQwzJl575W1ZYXeT,3zmfs9cQwzJl575W1ZYXeT,"indie pop, pov: indie",67,1811336,Men I Trust,0.55,0,0,0,0,1,,447.67514,-1107.144287,10,"#df89ff"
56ZTgzPBDge0OvCGgMO3OY,56ZTgzPBDge0OvCGgMO3OY,"baltimore indie, dream pop, dreamo, indie rock, indietronica, modern dream pop, pov: indie",69,2192480,Beach House,0.5,0,0,0,0,1,,480.333649,-1208.737305,10,"#df89ff"
0bC6e2YtIRLbKx2txHFmEo,0bC6e2YtIRLbKx2txHFmEo,,64,499672,alex_g_offline,0,0,0,0,0,1,,619.896484,-1197.604858,10,"#df89ff"
5AyEXCtu3xnnsTGCo4RVZh,5AyEXCtu3xnnsTGCo4RVZh,"corecore, pov: indie, slowcore",65,992746,Duster,0.666667,0,0,0,0,1,,558.474243,-1296.979126,10,"#df89ff"
0U7iI0Dk4Ojvi17nZboNO4,0U7iI0Dk4Ojvi17nZboNO4,"newcastle nsw indie, pov: indie",70,1013508,Vacations,1,0,0,0,0,1,,548.827148,-1226.355469,10,"#df89ff"
02vrwnrNEeDRV96o9iPSYP,02vrwnrNEeDRV96o9iPSYP,corecore,65,399284,sign crushes motorist,0,0,0,0,0,1,,623.329224,-1185.024048,10,"#df89ff"
3Oim8XBPbznAa8Jj8QzNc8,3Oim8XBPbznAa8Jj8QzNc8,"experimental pop, indie surf, pov: indie",66,876719,Cults,0,0,0,0,0,1,,608.264282,-1205.747681,10,"#df89ff"
0epOFNiUfyON9EYx7Tpr6V,0epOFNiUfyON9EYx7Tpr6V,"alternative rock, garage rock, modern rock, permanent wave, rock",74,5629687,The Strokes,0.5,0,0,0,0,1,,488.207001,-1320.361206,10,"#df89ff"
26T3LtbuGT1Fu9m0eRq5X3,26T3LtbuGT1Fu9m0eRq5X3,"modern alternative rock, modern rock, pov: indie, punk blues, rock",73,3696454,Cage The Elephant,0,0,0,0,0,1,,349.371521,-1179.264282,10,"#df89ff"
5INjqkS1o8h1imAzPqGZBb,5INjqkS1o8h1imAzPqGZBb,"australian psych, modern rock, neo-psychedelic, rock",78,7741778,Tame Impala,0.5,0,0,0,0,1,,436.452972,-1214.012695,10,"#df89ff"
1GLtl8uqKmnyCWxHmw9tL4,1GLtl8uqKmnyCWxHmw9tL4,"brighton indie, garage rock, modern rock, rock",65,2527708,The Kooks,0,0,0,0,0,1,,348.679443,-1164.570801,10,"#df89ff"
2Z7UcsdweVlRbAk5wH5fsf,2Z7UcsdweVlRbAk5wH5fsf,"baroque pop, modern rock, sheffield indie",56,1116278,The Last Shadow Puppets,0,0,0,0,0,1,,375.275574,-1188.351685,10,"#df89ff"
1ctkBmvz80MGyi72Ix055S,1ctkBmvz80MGyi72Ix055S,sheffield indie,55,928971,Alex Turner,0,0,0,0,0,1,,360.650146,-1187.932739,10,"#df89ff"
3AA28KZvwAUcZuOKwyblJQ,3AA28KZvwAUcZuOKwyblJQ,"alternative hip hop, modern rock, rock",76,11594423,Gorillaz,0,0,0,0,0,1,,363.239075,-1165.54126,10,"#df89ff"
4Z8W4fKeB5YxbusRsdQVPb,4Z8W4fKeB5YxbusRsdQVPb,"alternative rock, art rock, melancholia, oxford indie, permanent wave, rock",78,9859157,Radiohead,0.5,0,0,0,0,1,,473.567078,-1322.44397,10,"#df89ff"
6olE6TJLqED3rqDCT0FyPh,6olE6TJLqED3rqDCT0FyPh,"grunge, permanent wave, rock",79,19346010,Nirvana,0,0,0,0,0,1,,374.805878,-1173.822998,10,"#df89ff"
5mlbvTfWUOfDrUIK6dkNzv,5mlbvTfWUOfDrUIK6dkNzv,alt z,61,1394303,Poppy,0,0,0,0,0,1,,575.457031,-671.655334,10,"#df89ff"
2KEqzdPS7M5YwGmiuPTdr5,2KEqzdPS7M5YwGmiuPTdr5,"art pop, electropop, escape room, indie pop",57,1019971,Rina Sawayama,0.166667,0,0,0,0,5,,237.462509,-348.481171,10,"#00c4ff"
053q0ukIDRgzwTr4vNSwab,053q0ukIDRgzwTr4vNSwab,"art pop, canadian electropop, grave wave, indietronica, metropopolis, neo-synthpop",65,2347462,Grimes,0,0,0,0,0,1,,587.602905,-676.185059,10,"#df89ff"
0wnYgCeP013HkKoOyC5V32,0wnYgCeP013HkKoOyC5V32,"alt z, canadian electropop, canadian pop, dark pop, electropop, metropopolis",51,855521,Allie X,0.333333,0,0,0,0,5,,132.954834,-228.474747,10,"#00c4ff"
1vVHevk2PD45epYnDi9CCc,1vVHevk2PD45epYnDi9CCc,"hypnagogic pop, pittsburgh indie, pov: indie",57,1906642,Jack Stauber,0.5,0,0,0,0,1,,682.164612,-744.221252,10,"#df89ff"
4vo5IKFugn33ytkc7xHvEk,4vo5IKFugn33ytkc7xHvEk,dark r&b,55,188650,Daniel Di Angelo,0,0,0,0,0,1,,452.413116,-854.089539,10,"#df89ff"
25jJ6vyXwTRa0e6XCcdR6U,25jJ6vyXwTRa0e6XCcdR6U,"dark r&b, sped up",63,443426,Ari Abdul,0,0,0,0,0,1,,464.527161,-844.571655,10,"#df89ff"
3pc0bOVB5whxmD50W79wwO,3pc0bOVB5whxmD50W79wwO,chill r&b,69,3504779,keshi,0,0,0,0,0,6,,368.41272,-184.477188,10,"#00bd94"
3rWZHrfrsPBxVy692yAIxF,3rWZHrfrsPBxVy692yAIxF,"afrofuturism, pop, post-teen pop, pov: indie",70,2561421,WILLOW,0,0,0,0,0,5,,87.743362,-676.342407,10,"#00c4ff"
2sSGPbdZJkaSE2AbcGOACx,2sSGPbdZJkaSE2AbcGOACx,"bedroom pop, la indie",69,1256050,The Marías,0.5,0,0,0,0,1,,319.241699,-1040.339355,10,"#df89ff"
5FxD8fkQZ6KcsSYupDVoSO,5FxD8fkQZ6KcsSYupDVoSO,"bedroom pop, bedroom soul",66,985611,Omar Apollo,0,0,0,0,0,1,,173.818756,-1074.356201,10,"#df89ff"
7GN9PivdemQRKjDt4z5Zv8,7GN9PivdemQRKjDt4z5Zv8,"alternative r&b, lgbtq+ hip hop",57,1406710,The Internet,0,0,0,0,0,1,,175.482025,-1089.5177,10,"#df89ff"
2Tglaf8nvDzwSQnpSrjLHP,2Tglaf8nvDzwSQnpSrjLHP,"bedroom pop, dream pop",66,2808265,Cuco,0,0,0,0,0,1,,188.096664,-1082.648682,10,"#df89ff"
73sIBHcqh3Z3NyqHKZ7FOL,73sIBHcqh3Z3NyqHKZ7FOL,"atl hip hop, hip hop, rap",78,12687816,Childish Gambino,0,0,0,0,0,1,,98.718765,-889.780518,10,"#df89ff"
77mJc3M7ZT5oOVM7gNdXim,77mJc3M7ZT5oOVM7gNdXim,"indie pop, liverpool indie, pov: indie",61,917287,Her's,1,0,0,0,0,1,,534.458435,-1144.744141,10,"#df89ff"
7wbkl3zgDZEoZer357mVIw,7wbkl3zgDZEoZer357mVIw,"bedroom pop, bergen indie, norwegian indie, pov: indie",57,1252065,boy pablo,0,0,0,0,0,1,,536.978394,-1021.315002,10,"#df89ff"
6eJa3zG1QZLRB3xgRuyxbm,6eJa3zG1QZLRB3xgRuyxbm,"austindie, indie rock, pov: indie",62,980753,Dayglow,0,0,0,0,0,1,,546.279846,-1012.658569,10,"#df89ff"
1moxjboGR7GNWYIMWsRjgG,1moxjboGR7GNWYIMWsRjgG,"baroque pop, modern rock, neo mellow, uk alternative pop",77,6666867,Florence + The Machine,0,0,0,0,0,5,,-30.75485,-349.237549,10,"#00c4ff"
4Ui2kfOqGujY81UcPrb5KE,4Ui2kfOqGujY81UcPrb5KE,"indietronica, metropopolis",61,1318986,HAIM,0,0,0,0,0,5,,-5.599658,-344.650848,10,"#00c4ff"
6beUvFUlKliUYJdLOXNj9C,6beUvFUlKliUYJdLOXNj9C,"alt z, indie pop, nyc pop",53,1706999,King Princess,0,0,0,0,0,5,,105.457443,-178.95639,10,"#00c4ff"
0bdfiayQAKewqEvaU6rXCv,0bdfiayQAKewqEvaU6rXCv,"dance pop, danish pop, electropop, pop dance",69,1445896,MØ,1,0,0,0,0,5,,-221.913483,-161.47258,10,"#00c4ff"
2FXC3k01G6Gw61bmprjgqS,2FXC3k01G6Gw61bmprjgqS,"irish singer-songwriter, modern rock, pov: indie",84,7100166,Hozier,0,0,0,0,0,5,,-11.351562,-358.505005,10,"#00c4ff"
13saZpZnCDWOI9D4IJhp1f,13saZpZnCDWOI9D4IJhp1f,"dance pop, electropop",64,2024148,Lily Allen,0,0,0,0,0,5,,-45.42765,-351.523773,10,"#00c4ff"
1KP6TWI40m7p3QBTU6u2xo,1KP6TWI40m7p3QBTU6u2xo,"indie poptimism, modern alternative rock, modern rock, pov: indie",64,1262572,BØRNS,0,0,0,0,0,5,,-23.741272,-365.860535,10,"#00c4ff"
6nB0iY1cjSY1KyhYyuIIKH,6nB0iY1cjSY1KyhYyuIIKH,"afrofuturism, alternative r&b, art pop, escape room, experimental r&b, trip hop",57,1213395,FKA twigs,0,0,0,0,0,5,,-19.894623,-340.826233,10,"#00c4ff"
2WX2uTcsvV5OnS0inACecP,2WX2uTcsvV5OnS0inACecP,"neo mellow, uk pop",67,3664911,Birdy,0,0,0,0,0,5,,-38.906738,-365.156647,10,"#00c4ff"
5069JTmv5ZDyPeZaCCXiCg,5069JTmv5ZDyPeZaCCXiCg,korean city pop,70,2301995,wave to earth,0,0,0,0,0,1,,700.064819,-1106.930908,10,"#df89ff"
73BLwSX6gsNeVzS7DgI4xe,73BLwSX6gsNeVzS7DgI4xe,bedroom r&b,59,595215,grentperez,0,0,0,0,0,1,,715.4823,-1100.448853,10,"#df89ff"
30gZlVVUt3gwNXlLorZjuq,30gZlVVUt3gwNXlLorZjuq,bedroom r&b,54,238466,Rocco,0,0,0,0,0,1,,718.358154,-1084.064453,10,"#df89ff"
12j6dJrPXanCBwY599pZxf,12j6dJrPXanCBwY599pZxf,"indie anthem-folk, indie pop, pov: indie",65,553550,Matt Maltese,1,0,0,0,0,1,,756.594482,-996.64917,10,"#df89ff"
6ignRjbPmLvKdtMLj9a5Xs,6ignRjbPmLvKdtMLj9a5Xs,j-acoustic,58,686531,Ichiko Aoba,0,0,0,0,0,1,,703.465393,-1091.221191,10,"#df89ff"
3iTsJGG39nMg9YiolUgLMQ,3iTsJGG39nMg9YiolUgLMQ,"madchester, new wave, permanent wave, solo wave",55,1108650,Morrissey,0,0,0,0,0,4,,565.198669,-1494.766479,10,"#d3b3b0"
432R46LaYsJZV2Gmc4jUV5,432R46LaYsJZV2Gmc4jUV5,"alternative rock, indie rock, madchester, new wave, post-punk, punk, rock, uk post-punk",60,2416482,Joy Division,0,0,0,0,0,4,,598.765808,-1470.921753,10,"#d3b3b0"
7bu3H8JO7d0UbMoVzbo70s,7bu3H8JO7d0UbMoVzbo70s,"new wave, permanent wave, rock, uk post-punk",72,5401935,The Cure,0,0,0,0,0,4,,612.156799,-1477.685791,10,"#d3b3b0"
6zvul52xwTWzilBZl6BUbT,6zvul52xwTWzilBZl6BUbT,"alternative rock, boston rock, permanent wave, rock",67,2939902,Pixies,0,0,0,0,0,4,,609.785522,-1492.954102,10,"#d3b3b0"
72X6FHxaShda0XeQw3vbeF,72X6FHxaShda0XeQw3vbeF,"alternative rock, dream pop, reading indie, shoegaze",60,1038171,Slowdive,0,0,0,0,0,4,,584.282043,-1509.369629,10,"#d3b3b0"
0yNLKJebCb8Aueb54LYya3,0yNLKJebCb8Aueb54LYya3,"alternative rock, dance rock, madchester, new romantic, new wave, permanent wave, post-punk, synthpop, uk post-punk",62,2164291,New Order,0,0,0,0,0,4,,580.526917,-1493.284424,10,"#d3b3b0"
3G3Gdm0ZRAOxLrbyjfhii5,3G3Gdm0ZRAOxLrbyjfhii5,"alternative rock, dream pop, irish shoegaze, noise pop, shoegaze",54,922195,my bloody valentine,0,0,0,0,0,4,,598.0802,-1503.658691,10,"#d3b3b0"
5Wabl1lPdNOeIn0SQ5A1mp,5Wabl1lPdNOeIn0SQ5A1mp,"alternative rock, art pop, dream pop, ethereal wave, melancholia, new wave, scottish indie, scottish shoegaze, shoegaze, synthpop",61,1001260,Cocteau Twins,0,0,0,0,0,4,,554.012573,-1506.666992,10,"#d3b3b0"
0fgYKF9Avljex0L9Wt5b8Z,0fgYKF9Avljex0L9Wt5b8Z,"alternative rock, new romantic, new wave, permanent wave, uk post-punk",53,913839,Echo & the Bunnymen,0,0,0,0,0,4,,569.393311,-1510.849609,10,"#d3b3b0"
1n65zfwYIj5kKEtNgxUlWb,1n65zfwYIj5kKEtNgxUlWb,"alternative rock, dream pop, new romantic, new wave, post-punk, punk, uk post-punk",56,1100752,Siouxsie and the Banshees,0,0,0,0,0,4,,583.457642,-1474.598633,10,"#d3b3b0"
37w38cCSGgKLdayTRjna4W,37w38cCSGgKLdayTRjna4W,"dream pop, melancholia, shoegaze, slowcore",65,1265773,Mazzy Star,0,0,0,0,0,4,,554.055481,-1482.457886,10,"#d3b3b0"
5UqTO8smerMvxHYA5xsXb6,5UqTO8smerMvxHYA5xsXb6,"alternative rock, noise pop, noise rock, rock, shoegaze",55,1160685,Sonic Youth,0,0,0,0,0,4,,594.593811,-1487.144897,10,"#d3b3b0"
1nJvji2KIlWSseXRSlNYsC,1nJvji2KIlWSseXRSlNYsC,"alternative rock, melancholia, permanent wave, protopunk, rock",60,1920072,The Velvet Underground,0,0,0,0,0,4,,544.845886,-1494.299683,10,"#d3b3b0"
7MhMgCo0Bl0Kukl93PZbYS,7MhMgCo0Bl0Kukl93PZbYS,"alternative rock, britpop, madchester, permanent wave, rock",67,3307333,Blur,0,0,0,0,0,4,,569.290833,-1478.424072,10,"#d3b3b0"
66W9LaWS0DPdL7Sz8iYGYe,66W9LaWS0DPdL7Sz8iYGYe,"alt z, canadian contemporary r&b, singer-songwriter pop",61,508799,JP Saxe,0,0,0,0,0,0,,16.977995,500.451355,10,"#73c000"
55fhWPvDiMpLnE4ZzNXZyW,55fhWPvDiMpLnE4ZzNXZyW,"alt z, pop",70,1297730,Noah Cyrus,0,0,0,0,0,0,,14.732995,484.017883,10,"#73c000"
2xe8IXgCTpwHE3eA9hTs4n,2xe8IXgCTpwHE3eA9hTs4n,"art pop, electropop, indie poptimism, indietronica, shimmer pop",54,1052668,BANKS,0,0,0,0,0,5,,-379.165222,-2.96893,10,"#00c4ff"
4u5smJBskI6Adzv08PuiUP,4u5smJBskI6Adzv08PuiUP,"alt z, electropop",55,919078,Kiiara,0,0,0,0,0,5,,-73.025963,187.348648,10,"#00c4ff"
3Xt3RrJMFv5SZkCfUE8C1J,3Xt3RrJMFv5SZkCfUE8C1J,"alt z, dance pop, pop, transpop",72,1088495,Kim Petras,0,0,0,0,0,5,,-398.878113,-1.233494,10,"#00c4ff"
7qRll6DYV06u2VuRPAVqug,7qRll6DYV06u2VuRPAVqug,"electropop, metropopolis, uk pop",57,309741,Foxes,0,0,0,0,0,5,,-390.209503,-11.966247,10,"#00c4ff"
7nnTzZ5tZrPx14iDnmjksU,7nnTzZ5tZrPx14iDnmjksU,alt z,46,387519,Zolita,0,0,0,0,0,5,,265.968353,-34.951969,10,"#00c4ff"
4JNfz6aO9ZFz0gp5GY88am,4JNfz6aO9ZFz0gp5GY88am,"alt z, pixie",48,1073145,Hey Violet,1,0,0,0,0,5,,228.407257,164.935974,10,"#00c4ff"
21TinSsF5ytwsfdyz5VSVS,21TinSsF5ytwsfdyz5VSVS,"alt z, indie pop, pov: indie",53,1049071,dodie,0,0,0,0,0,5,,510.105438,-409.749878,10,"#00c4ff"
5Ev7qjDIU1wvhqt8nSsPrl,5Ev7qjDIU1wvhqt8nSsPrl,,27,56474,Ally Hills,0,0,0,0,0,5,,280.925812,-36.477573,10,"#00c4ff"
2AmfMGi3WZMxqFDHissIAe,2AmfMGi3WZMxqFDHissIAe,"alt z, indie pop, uk pop",45,288073,The Aces,0,0,0,0,0,5,,251.048035,-35.069164,10,"#00c4ff"
5DD5GZd4ElmQTy9NleMvKJ,5DD5GZd4ElmQTy9NleMvKJ,"alt z, indie pop, pov: indie",49,675880,Tessa Violet,0,0,0,0,0,5,,264.086395,-19.935625,10,"#00c4ff"
245PKF3hKjtxJKIG153kF0,245PKF3hKjtxJKIG153kF0,"alt z, dark pop",47,403086,Kailee Morgue,0,0,0,0,0,5,,251.75737,-50.569763,10,"#00c4ff"
4XX9YjNQrHTZfZz3DCX6DP,4XX9YjNQrHTZfZz3DCX6DP,"alt z, dark pop, escape room, proto-hyperpop",50,233355,girli,0,0,0,0,0,5,,267.963287,-50.107613,10,"#00c4ff"
06vRrrjT3DBRkhBlXoBdYj,06vRrrjT3DBRkhBlXoBdYj,alt z,42,213998,Lauren Sanderson,0,0,0,0,0,5,,279.614014,-20.200804,10,"#00c4ff"
0tRFWXqKBBQcu5oFVOgVzX,0tRFWXqKBBQcu5oFVOgVzX,alt z,54,454377,Jaira Burns,0,0,0,0,0,5,,293.865601,384.086609,10,"#00c4ff"
5JSXWmQO8csVUy6hSRu8TA,5JSXWmQO8csVUy6hSRu8TA,alt z,48,302087,Maty Noyes,0,0,0,0,0,5,,282.986969,372.221222,10,"#00c4ff"
5vBrKGOjN10BMwB0cJADj4,5vBrKGOjN10BMwB0cJADj4,"alt z, indietronica",46,566914,bülow,0,0,0,0,0,5,,293.720673,403.049957,10,"#00c4ff"
2FovgCfOwN9iqbkCBlKFdT,2FovgCfOwN9iqbkCBlKFdT,"alt z, electropop",53,1664983,Ellise,0,0,0,0,0,5,,280.798096,412.897125,10,"#00c4ff"
1eMmoIprPDWeFdB1FxU6ZV,1eMmoIprPDWeFdB1FxU6ZV,"alt z, deep pop edm",60,549696,Au/Ra,0,0,0,0,0,5,,271.479767,383.066772,10,"#00c4ff"
3mPc8WGusz2XF3Tvs3AKCR,3mPc8WGusz2XF3Tvs3AKCR,alt z,46,472813,Carlie Hanson,0,0,0,0,0,5,,269.174744,401.944153,10,"#00c4ff"
2y9j8qUwBMGPYPQJJxmYzD,2y9j8qUwBMGPYPQJJxmYzD,alt z,47,542042,Anna Clendening,0,0,0,0,0,5,,282.040741,393.695343,10,"#00c4ff"
3TVXtAsR1Inumwj472S9r4,3TVXtAsR1Inumwj472S9r4,"canadian hip hop, canadian pop, hip hop, pop rap, rap",93,88505736,Drake,0,0,0,0,0,1,,6.187653,-732.989685,10,"#df89ff"
2YZyLoL8N0Wb9xBt1NhZWg,2YZyLoL8N0Wb9xBt1NhZWg,"conscious hip hop, hip hop, rap, west coast rap",91,29132015,Kendrick Lamar,0,0,0,0,0,1,,16.454712,-757.025208,10,"#df89ff"
0Y5tJX1MQlPlqiwlOH1tJY,0Y5tJX1MQlPlqiwlOH1tJY,"rap, slap house",90,29475411,Travis Scott,0,0,0,0,0,1,,-11.614912,-750.640503,10,"#df89ff"
246dkjvS1zLTtiykXe5h60,246dkjvS1zLTtiykXe5h60,"dfw rap, melodic rap, pop, rap",89,43941390,Post Malone,0,0,0,0,0,1,,3.826677,-747.438416,10,"#df89ff"
5K4W6rqBFWDnAN6FQUkS6x,5K4W6rqBFWDnAN6FQUkS6x,"chicago rap, hip hop, rap",89,25366585,Kanye West,0,0,0,0,0,1,,21.017786,-741.563171,10,"#df89ff"
13ubrt8QOOCPljQ2FL1Kca,13ubrt8QOOCPljQ2FL1Kca,"east coast hip hop, hip hop, rap",81,14079920,A$AP Rocky,0,0,0,0,0,1,,-10.451685,-734.598633,10,"#df89ff"
0iEtIxbK0KxaSlF7G42ZOp,0iEtIxbK0KxaSlF7G42ZOp,rap,89,8149838,Metro Boomin,0,0,0,0,0,1,,0.220687,-762.942627,10,"#df89ff"
5y2Xq6xcjJb2jVM54GHK3t,5y2Xq6xcjJb2jVM54GHK3t,"neo soul, pop, pop soul, urban contemporary",72,6749357,John Legend,0,0,0,0,0,0,,-868.362854,645.882629,10,"#73c000"
6LuN9FCkKOj5PcnpouEgny,6LuN9FCkKOj5PcnpouEgny,"pop, pop r&b",81,16127511,Khalid,0,0,0,0,0,6,,-271.96521,548.487854,10,"#00bd94"
4AVFqumd2ogHFlRbKIjp1t,4AVFqumd2ogHFlRbKIjp1t,"dance pop, edm, pop, pop dance, progressive electro house",70,3878976,Alesso,0,0,0,0,0,5,,-958.262329,824.63269,10,"#00c4ff"
738wLrAtLtCtFOLvQBXOXp,738wLrAtLtCtFOLvQBXOXp,"dance pop, edm, electro house, moombahton, pop, pop dance",73,6135706,Major Lazer,0,0,0,0,0,5,,-972.788452,817.468994,10,"#00c4ff"
2XnBwblw31dfGnspMIwgWz,2XnBwblw31dfGnspMIwgWz,"edm, pop dance, progressive electro house",63,2436217,Axwell /\ Ingrosso,0,0,0,0,0,5,,-956.290894,840.886414,10,"#00c4ff"
4D75GcNG95ebPtNvoNVXhz,4D75GcNG95ebPtNvoNVXhz,"big room, dance pop, dutch house, edm, electro house, pop dance, progressive electro house",70,3885536,AFROJACK,0,0,0,0,0,5,,-970.972229,833.636475,10,"#00c4ff"
0Vw76uk7P8yVtTClWyOhac,0Vw76uk7P8yVtTClWyOhac,uk pop,59,1533745,HONNE,0,0,0,0,0,6,,335.061493,552.562927,10,"#00bd94"
1W7FNibLa0O0b572tB2w7t,1W7FNibLa0O0b572tB2w7t,bedroom soul,63,1840197,Pink Sweat$,1,0,0,0,0,6,,241.068466,546.693176,10,"#00bd94"
5JMLG56F1X5mFmWNmS0iAp,5JMLG56F1X5mFmWNmS0iAp,alt z,62,711215,Chelsea Cutler,0,0,0,0,0,6,,335.500793,524.892822,10,"#00bd94"
1bqxdqvUtPWZri43cKHac8,1bqxdqvUtPWZri43cKHac8,"singer-songwriter pop, teen pop, viral pop",66,907274,MAX,0,0,0,0,0,6,,339.834106,539.061707,10,"#00bd94"
73eAAfRkS2Vi4hx68oTJJE,73eAAfRkS2Vi4hx68oTJJE,singer-songwriter pop,53,279744,John K,0,0,0,0,0,6,,322.096924,530.306702,10,"#00bd94"
3sKeaby6GMSJWgYueZaSjE,3sKeaby6GMSJWgYueZaSjE,"chill pop, singer-songwriter pop",54,204210,Mokita,0,0,0,0,0,6,,318.026123,544.032104,10,"#00bd94"
2kxP07DLgs4xlWz8YHlvfh,2kxP07DLgs4xlWz8YHlvfh,indonesian r&b,72,3911316,NIKI,0,0,0,0,0,6,,321.289917,558.266541,10,"#00bd94"
3iri9nBFs9e4wN7PLIetAw,3iri9nBFs9e4wN7PLIetAw,"alt z, pop",59,1564460,gnash,1,0,0,0,0,6,,247.266754,532.870483,10,"#00bd94"
5CiGnKThu5ctn9pBxv7DGa,5CiGnKThu5ctn9pBxv7DGa,pop,69,1150275,benny blanco,0,0,0,0,0,6,,199.447891,559.871765,10,"#00bd94"
2cFrymmkijnjDg9SS92EPM,2cFrymmkijnjDg9SS92EPM,pop,71,4938232,blackbear,0,0,0,0,0,6,,212.25592,556.96521,10,"#00bd94"
2BL3PP6aTKJ1jqbRgfQa71,2BL3PP6aTKJ1jqbRgfQa71,"indie pop, la indie, pov: indie",40,188007,The Honeysticks,0,0,0,0,0,1,,842.129089,-928.638855,10,"#df89ff"
6zQlhM6cyJRrzuqAbB8PlB,6zQlhM6cyJRrzuqAbB8PlB,"pixel, pov: indie",45,293288,Egg,1,0,0,0,0,1,,825.232849,-884.992676,10,"#df89ff"
0Raaw7kr1Vzat4ZvHzjsJR,0Raaw7kr1Vzat4ZvHzjsJR,"alt z, pov: indie",58,1053615,I DONT KNOW HOW BUT THEY FOUND ME,1,0,0,0,0,1,,809.256104,-876.214355,10,"#df89ff"
7lqaPghwYv2mE9baz5XQmL,7lqaPghwYv2mE9baz5XQmL,"ann arbor indie, pov: indie",63,792851,Tally Hall,1,0,0,0,0,1,,811.433228,-893.635864,10,"#df89ff"
4llAOeA6kEF4ytaB2fsmcW,4llAOeA6kEF4ytaB2fsmcW,"indietronica, pov: indie",59,931613,Lemon Demon,1,0,0,0,0,1,,814.78479,-859.696167,10,"#df89ff"
1VQ8riQ31zVHtlxiCC9EZE,1VQ8riQ31zVHtlxiCC9EZE,"pov: indie, weirdcore",58,388259,Will Wood,0,0,0,0,0,1,,850.867432,-916.565613,10,"#df89ff"
33tFkBLsl6f8TjKkV0uF0C,33tFkBLsl6f8TjKkV0uF0C,"pixel, pov: indie",56,1257757,Lovejoy,1,0,0,0,0,1,,827.926331,-868.55658,10,"#df89ff"
2XzXLjXRSeFtsic4ieyLJy,2XzXLjXRSeFtsic4ieyLJy,"pixel, pov: indie",50,1437485,Wilbur Soot,0,0,0,0,0,1,,823.973267,-815.545654,10,"#df89ff"
7s3OoIocX1gTOnEvCg2VV8,7s3OoIocX1gTOnEvCg2VV8,"alternative emo, pov: indie",56,370710,McCafferty,0,0,0,0,0,1,,837.276245,-815.75415,10,"#df89ff"
2Waw2sSbqvAwK8NwACNjVo,2Waw2sSbqvAwK8NwACNjVo,"comic, pov: indie",64,1895700,Bo Burnham,0,0,0,0,0,1,,837.221558,-830.371521,10,"#df89ff"
